Date,Energy_Consumed,Temperature,Equipment_Status,Wind_Speed,Solar_Radiation
2023-01-01,424.7240713084175,-1.6690182022621158,Normal,16.81757485522245,571.9958782835928
2023-01-02,770.4285838459497,14.385542632026116,Normal,19.917034929784307,805.4323292999863
2023-01-03,639.1963650868431,29.282562614438376,Anomalous,6.261697469812474,760.160929790159
2023-01-04,559.195090518222,22.95011988843025,Normal,15.621852490174973,153.8999046937737
2023-01-05,293.61118426546193,26.295251653765234,Normal,14.293649578593717,149.24946974147392
2023-01-06,293.5967122017216,19.64525150198228,Normal,20.82075941970678,268.1743677449133
2023-01-07,234.85016730091968,21.15244540330336,Normal,22.652176512031513,361.0747263410372
2023-01-08,719.7056874649611,28.213804320439365,Normal,0.3039192869346702,408.4555814084826
2023-01-09,560.6690070459254,1.235060398663368,Normal,16.850497976469818,679.6972168333452
2023-01-10,624.8435466776273,12.024123363941321,Normal,1.2958949779932256,56.680432165835406
2023-01-11,212.35069657748147,-0.04557511811789894,Normal,13.721466626933898,34.67270422606639
2023-01-12,781.9459112971966,34.445060359849116,Normal,7.190818226091955,391.91056294390904
2023-01-13,699.465584480253,32.4826702858976,Anomalous,7.66941498805353,697.1636921379804
2023-01-14,327.40346640696566,-8.225793488417235,Normal,8.823962586308914,193.43534295648257
2023-01-15,309.0949803242604,21.75088276320598,Normal,15.532311226240253,641.5044812562517
2023-01-16,310.0427059120603,31.63617428370496,Normal,8.35124914171923,259.8281379402995
2023-01-17,382.54534577572264,-1.8741094692699907,Normal,18.31747626475701,886.0861088135164
2023-01-18,514.8538589793427,15.557535374868326,Normal,10.113184639346743,895.6899442666165
2023-01-19,459.1670111852695,31.19697339146188,Normal,1.7088300077489653,297.28720428132647
2023-01-20,374.73748411882514,-8.472430963639052,Normal,19.593996062102683,229.99375396324052
2023-01-21,567.1117368334277,21.383912026107797,Anomalous,7.14395811481765,411.30397206623127
2023-01-22,283.6963163912251,3.3807053317647853,Normal,10.819171989981566,240.5315851801487
2023-01-23,375.2867891211309,31.59782879194387,Anomalous,17.13609708054754,672.3838432917037
2023-01-24,419.81710597621503,33.697621032441546,Normal,8.3114039287178,826.0646845482855
2023-01-25,473.64199053022156,32.491992010104525,Normal,1.4146414036678907,673.092130911217
2023-01-26,671.1055768358082,11.33963974958587,Normal,9.34802617532034,824.3504472493495
2023-01-27,319.80426929501584,28.791919294519104,Normal,23.611214567357585,396.9921622074741
2023-01-28,508.54066304816695,28.004722934078167,Anomalous,16.043359932463954,156.31697070886085
2023-01-29,555.4487413172255,4.359521295946504,Normal,16.786978716680174,737.9509473975921
2023-01-30,227.87024763199864,27.301196336780478,Normal,15.807053840940997,360.4745051415539
2023-01-31,564.526911140863,-8.334656437802831,Normal,4.9748034739859195,671.2708252291325
2023-02-01,302.31447421237493,16.832144531692386,Normal,10.458346602557004,270.6439419817657
2023-02-02,239.0309557911677,0.3503976779466367,Normal,18.773494959082957,81.22963480667266
2023-02-03,769.3313223519999,-4.574490140022453,Anomalous,2.534322438828979,992.5817954877634
2023-02-04,779.3792198447356,-6.537105926685588,Normal,6.946319402242807,156.2015079305993
2023-02-05,685.0384088698767,21.332994914516288,Normal,6.907977711646341,988.420993963481
2023-02-06,382.7682615040224,5.294373369562976,Normal,10.80047318986265,977.2799325664473
2023-02-07,258.6032684038303,22.614504718794265,Normal,24.509218523554626,793.8181039080397
2023-02-08,610.5398159072942,-7.058964664047593,Normal,1.6875636670955485,659.4229620819975
2023-02-09,464.0914962437608,4.188065202377466,Normal,12.967524859514876,577.8070502510847
2023-02-10,273.2229409068673,14.277108156890176,Normal,4.484117050305262,866.1015453778347
2023-02-11,497.1061460667621,25.58254241775336,Normal,24.266913635243604,289.43952161948795
2023-02-12,220.63311266913104,4.343862631943146,Normal,2.832587618186605,467.68121248487705
2023-02-13,745.5922412472693,18.165111939665408,Normal,10.090025059039782,619.3899693665019
2023-02-14,355.26798896001014,29.86899867062842,Normal,18.447124620865154,411.1904758694911
2023-02-15,597.5133706123892,17.713843468203706,Normal,17.613860700686132,427.48645409026796
2023-02-16,387.0266456536466,0.48317636391352003,Normal,10.568215922348307,330.2846675020844
2023-02-17,512.0408127066864,-8.901964829955789,Normal,8.663104198817956,564.231816684536
2023-02-18,528.0261676059678,29.154449325541847,Normal,9.940309463821764,850.574528015116
2023-02-19,310.9126733153162,-9.04287651173258,Normal,6.606906578965982,201.52837800631283
2023-02-20,781.7507766587352,29.361575270788975,Normal,5.133323467669995,934.4330387534415
2023-02-21,665.0796940166688,13.802171031224539,Normal,12.07599243897225,689.0876537482296
2023-02-22,763.6993649385134,32.25804643308033,Normal,6.713343901690183,823.2732126800302
2023-02-23,736.8964102565893,25.94524560981494,Anomalous,7.186541622431253,556.1906926300117
2023-02-24,558.7399872866511,34.90703497400018,Normal,16.418901586863928,779.5167014240635
2023-02-25,753.12454101387,5.782031695326957,Normal,24.213433292497307,16.20039733946721
2023-02-26,253.0955012311517,24.52347300190071,Normal,15.090930013984377,818.3804247795352
2023-02-27,317.5897174514871,8.086891112415898,Normal,1.924486676624157,40.13885908536652
2023-02-28,227.13637334632284,11.594402913675896,Normal,1.8895903463516746,889.9133763628626
2023-03-01,395.1981984579586,18.237745844826655,Normal,23.78558052113915,991.9627472386433
2023-03-02,433.2063738136892,29.315470138385244,Normal,7.432269757683341,294.06746217677784
2023-03-03,362.80941906433753,34.28375611396828,Normal,2.3016746520618856,210.31855628579365
2023-03-04,697.2425054911575,24.572303623903316,Normal,14.976114678759538,765.3633638580407
2023-03-05,414.05199601615357,8.79950519753002,Normal,15.591219457256653,253.02634092025323
2023-03-06,368.56070581242847,8.961065102468158,Normal,16.212620502967205,865.5623831722035
2023-03-07,525.6176498949491,23.191203571500118,Normal,6.685050696438532,102.8425921574767
2023-03-08,284.5545349848576,0.7449715595736048,Normal,0.37776710536187585,125.95519637935826
2023-03-09,681.3181884524238,-5.02866490908724,Normal,24.125384236361796,979.1515551006156
2023-03-10,244.7303862078625,5.957997093834944,Normal,6.272326142277562,673.8388982700046
2023-03-11,792.1321619603103,2.9257546244336776,Normal,16.900657201313688,846.8872244289528
2023-03-12,663.3468615779944,3.3338654205195546,Normal,17.665746746967738,324.329377351518
2023-03-13,319.22940892050343,0.5123487972459468,Normal,15.250185426987143,676.4837495206044
2023-03-14,203.31327027416143,-8.105806466363715,Normal,7.822684855341206,594.2418273085972
2023-03-15,689.2768570729005,-9.19567293699638,Normal,6.777406344101644,603.150120122947
2023-03-16,624.1144063085703,34.44750753812142,Normal,14.941707067567577,682.5324595377216
2023-03-17,637.4043008245924,9.249791018113804,Normal,21.652390840292288,575.3591731290986
2023-03-18,662.7622080115675,7.294699122185676,Normal,23.66834322308489,429.06236930266596
2023-03-19,244.42679104045422,20.584127721188143,Normal,2.647645110093941,275.92269438054683
2023-03-20,415.07943712656356,-0.17857504607211183,Anomalous,3.8707153149429963,768.581330913202
2023-03-21,269.5214357150778,32.74825327776014,Normal,23.618406469576993,226.2724300031862
2023-03-22,717.8620555253561,25.38552564869984,Normal,18.413380708369814,692.3543061544142
2023-03-23,573.9788760965348,-5.976504895948322,Normal,22.074845620744327,233.33282264932663
2023-03-24,398.5388149115895,8.791134910321777,Normal,5.065815853383579,625.3301699544539
2023-03-25,238.13501017161417,29.560323840297414,Anomalous,14.689646777735046,747.078267129029
2023-03-26,386.58939302939734,32.51294100311346,Normal,17.528489860436842,218.7138889065392
2023-03-27,395.1099932160482,11.033068006244136,Normal,17.002797136174316,59.94330086130828
2023-03-28,637.7637070028384,17.603512514481846,Normal,10.203792271667453,130.97374299417407
2023-03-29,582.5344828131279,-2.4834724258566148,Normal,0.3848722922827119,605.9969672710255
2023-03-30,732.3276455457959,34.60258817616394,Normal,14.573151420106578,849.4464062257355
2023-03-31,483.32895509716957,0.42522656225495226,Normal,6.327538479490219,44.99682123542436
2023-04-01,271.75654756298104,32.422929836080655,Normal,11.25635615357226,734.1512590416462
2023-04-02,627.946872333797,19.23409920465658,Anomalous,23.939525377095432,341.31864595005214
2023-04-03,656.4710291701385,17.34815576954866,Normal,9.975882941060869,478.5283699195225
2023-04-04,536.7663185416977,13.070982995742888,Normal,20.995040166610668,928.8595498455657
2023-04-05,662.5803079727366,0.3801415272991413,Normal,4.713515143731279,331.9715047358455
2023-04-06,496.27735781863447,-2.0562385597521278,Normal,16.81151245062572,465.3369339394861
2023-04-07,513.6396976291965,-0.07812059184210973,Normal,24.425173860973587,13.682414760681105
2023-04-08,456.5246110151298,-1.6102782035085461,Normal,2.5473275218234197,81.59872000483837
2023-04-09,215.25147604645713,25.081301310503896,Normal,0.2079985556798003,258.59159113478404
2023-04-10,264.7348561959827,5.755636662502855,Normal,10.83956981581536,27.852240821074403
2023-04-11,218.85751141204054,-7.3970795546471635,Anomalous,2.31563707628418,631.3753260482509
2023-04-12,581.8462467582683,33.60961835633651,Normal,18.709608741905782,426.3983568016225
2023-04-13,388.61358864579597,29.770364823354157,Normal,22.863716596213973,548.145202728022
2023-04-14,505.14241469882165,31.74885274378458,Normal,10.850524317718971,174.64718589632955
2023-04-15,744.5398843556558,34.77085201908959,Normal,6.467791053886024,295.9320294366161
2023-04-16,349.57533748932497,-2.174713785123072,Normal,10.860082975165245,663.8244748527251
2023-04-17,446.2297538213778,7.830890850619642,Normal,18.086195446250024,965.3027236303998
2023-04-18,653.3306831258292,24.120731406684108,Anomalous,0.22635403950927446,50.4167736022092
2023-04-19,337.2788992949735,21.32092781242065,Normal,14.736349737117429,890.3843208552661
2023-04-20,246.1879458972758,-3.0746842147065223,Anomalous,15.332292122184477,576.8812013112084
2023-04-21,373.85087174826083,26.712490624577796,Normal,15.942206172398388,563.9195667556237
2023-04-22,296.73277235240266,0.09982573264973027,Normal,6.050551999521931,500.27853520776034
2023-04-23,757.8185914055439,0.07179266701803932,Normal,17.85131808445317,69.39408590418338
2023-04-24,684.8722277386502,14.163849030203611,Normal,2.28478715829441,89.87685173616067
2023-04-25,580.042253906254,16.682297067876643,Normal,4.98175841167002,600.912005659086
2023-04-26,722.8763541126307,16.103879352701505,Normal,21.936751166362047,340.9585714355583
2023-04-27,682.2032461394687,-5.883092317101031,Normal,18.46807876816416,917.2680665776807
2023-04-28,311.94203533162147,29.485738818367118,Normal,0.3436388502836313,406.59053735947225
2023-04-29,735.5353990939867,1.9520019164917723,Normal,6.209406509245005,143.2814587026411
2023-04-30,523.6053451493904,-4.171828542273812,Normal,5.360162074829114,714.718833502036
2023-05-01,684.4640930984375,29.99366359410397,Normal,6.770158200924314,293.35342144100986
2023-05-02,737.6547799540959,33.0043174203389,Normal,6.1889942569971605,525.4703073558932
2023-05-03,390.80208498311833,28.795742776945275,Anomalous,1.5631573935711436,697.83278550517
2023-05-04,266.03115471660607,26.428223362619512,Normal,11.473512914920509,900.2641112020704
2023-05-05,336.76109752516504,19.48588912875598,Anomalous,18.31833686965413,792.1911948016761
2023-05-06,456.2646731757538,14.788581677411269,Normal,15.16829311793591,676.3610678727241
2023-05-07,690.808859553496,-6.085595803986544,Normal,16.821791714951996,679.6331823951435
2023-05-08,716.4383499538061,8.380394588181442,Normal,2.0287294634059787,945.9246440320866
2023-05-09,204.17127831871443,6.770983265554129,Normal,23.78726775441968,295.82409749653607
2023-05-10,506.44838154653945,1.6889202692146785,Normal,20.96229584607562,1.1120941961874076
2023-05-11,450.4466018892674,22.553905115986325,Normal,20.127257962391568,271.9545593981987
2023-05-12,333.26468628243816,12.314408078544687,Normal,20.574595126044187,217.891379626744
2023-05-13,271.91922040020967,-6.352920284155843,Normal,23.317762703319033,661.8345851139982
2023-05-14,402.5691028421768,-0.09175591225849011,Normal,13.606349152842443,633.7115997655291
2023-05-15,765.7458223475115,20.746644364681817,Normal,5.007050446690648,593.4613827047239
2023-05-16,393.92175921245314,-6.574111322936492,Normal,15.419590196313528,16.2434432094537
2023-05-17,511.27437304601966,28.30431113219459,Normal,18.572037341698476,728.7780544506475
2023-05-18,621.8113753371067,12.281593715628844,Normal,18.447934833850635,323.5304124854915
2023-05-19,418.1777614275764,11.626395979699161,Normal,13.036225604172003,665.0559890066311
2023-05-20,783.0692496325764,16.65835030967829,Normal,1.7114679833394515,556.5784285021533
2023-05-21,777.4683769652668,27.110643466631714,Normal,9.277823460753195,342.73092542790715
2023-05-22,351.06937749521853,5.651414355598687,Normal,23.019165211583932,134.57626710410776
2023-05-23,498.34910353543125,20.51072686515786,Normal,14.61122274393565,94.41889766048095
2023-05-24,380.52698589006184,15.4579383798106,Normal,13.458298581392835,831.5183331122236
2023-05-25,370.9042966264806,2.016272157623959,Normal,6.721337859554838,918.397542081558
2023-05-26,222.1321684127197,29.53834938598211,Normal,9.211222997914472,649.7880467642996
2023-05-27,565.738600387938,25.884170972311765,Normal,22.38365222882923,103.43411486048338
2023-05-28,501.6074139373169,19.630332559629146,Normal,16.661576188170894,402.02721688824073
2023-05-29,230.8872507499936,28.276177809240885,Normal,19.68467566880832,728.9392001051572
2023-05-30,367.1878785419668,29.028239043191107,Normal,11.358635576691379,779.8208840100681
2023-05-31,744.9595315799922,21.876333952176566,Normal,15.756180486403949,118.2186222910886
2023-06-01,343.73713440018344,27.66559977636524,Normal,6.209590218580188,0.03071884538241587
2023-06-02,286.93692325473387,21.386215775117766,Normal,17.63652075708716,712.137045880605
2023-06-03,493.6716561665378,20.60633472921352,Normal,10.690033342583433,356.59617598620565
2023-06-04,791.3902724663604,17.837512019683295,Normal,11.06363787036864,254.48133161826024
2023-06-05,345.23316290690025,23.872248780093855,Normal,16.233058114422043,12.89746978952544
2023-06-06,603.2813284435272,-2.8627702618116837,Normal,23.407015536723165,540.2994067614997
2023-06-07,656.9717691972305,29.639184163951782,Normal,1.600158665215523,851.1507354259818
2023-06-08,342.5825263954398,29.232958748535438,Normal,20.61858093367519,957.6316462725879
2023-06-09,636.9298091671158,-8.683872263444838,Normal,7.309577760304828,565.7449506132892
2023-06-10,420.6698796315519,27.16175377541432,Normal,11.097986362659446,514.4613277398942
2023-06-11,579.3834983561477,-4.200855963694966,Normal,0.5478332193752239,85.05638548924111
2023-06-12,580.1178264565368,5.0803484416613856,Normal,7.526151945857825,548.8728015425997
2023-06-13,521.4648104448551,23.45787153312235,Normal,12.565781065753262,379.97907896539465
2023-06-14,254.173862032645,-2.7658046778261305,Normal,1.4044019336859752,607.1352808835769
2023-06-15,701.1814973535428,26.8085160853578,Anomalous,12.27739323457913,388.7263478765467
2023-06-16,392.46803898304154,27.446038008098384,Normal,23.177765721460684,240.29912345036675
2023-06-17,311.91110623991256,12.83604801923763,Normal,2.6348304526951303,94.9652752283765
2023-06-18,224.46508493285836,-9.71263577274249,Normal,19.11101820188761,314.91844458889574
2023-06-19,554.5357659129451,2.916715992871076,Normal,10.241776334399816,96.64483428775227
2023-06-20,606.5386171053694,17.7617113269084,Normal,16.37934286310845,176.89695082398393
2023-06-21,209.95269735671368,34.153378011234054,Normal,6.505914949630734,987.3361585795459
2023-06-22,507.2558349795686,18.431608715750077,Normal,3.987306563533957,444.1035569066186
2023-06-23,335.89746511876274,1.6911611478871915,Normal,4.011565356780661,531.8717665050166
2023-06-24,587.1036742456699,18.53025663948251,Normal,1.7622986410786163,873.6185287372153
2023-06-25,304.61985740299485,14.299342087213496,Normal,4.641167622531076,995.5689004906878
2023-06-26,614.5626428614796,25.093042781801465,Normal,16.605484624724205,582.7144493446815
2023-06-27,432.04120778032245,-5.185871252786872,Normal,22.042265296087702,812.4738210441717
2023-06-28,762.0379932420407,24.246255612591263,Normal,20.353142139779045,326.94102433667524
2023-06-29,282.51256648759596,14.356996040424963,Normal,17.128357746862104,305.7439574472911
2023-06-30,404.6398106301551,33.33464017365476,Normal,2.760796585277567,402.7037209945602
2023-07-01,268.08411274435343,5.384247471740874,Normal,7.229686157398746,672.5072626736492
2023-07-02,754.8161709671376,18.467985191027665,Normal,7.745171883061724,682.1916892550987
2023-07-03,726.4036120285886,31.941264747950783,Normal,6.24892365994053,315.2394346494508
2023-07-04,354.7649766290933,-5.387062240419434,Normal,12.875141492743078,133.2099241366287
2023-07-05,595.9904276205075,32.1752819256403,Anomalous,13.388845371991815,632.3962564655086
2023-07-06,690.3333201207295,20.9548575035366,Normal,8.922149379277755,128.32586218876452
2023-07-07,533.1204869596775,-6.947332340267264,Normal,8.8447289684109,578.49250822933
2023-07-08,517.7903470136039,3.543360512606732,Normal,20.713889947652035,693.422128056309
2023-07-09,345.111374540271,21.86774398903767,Normal,19.73232120799214,700.6114963944516
2023-07-10,255.86166068353953,-6.969222933905273,Normal,7.694895792018642,753.4721106595968
2023-07-11,738.3294547719961,16.197670707932296,Anomalous,22.84471109683148,872.8594215656645
2023-07-12,740.2508342979983,5.564737562883053,Normal,23.82037542506265,499.9589919647884
2023-07-13,579.8608743639608,17.94119829953647,Normal,8.16856355075102,730.2491895295711
2023-07-14,403.4178746292204,-7.941608478436922,Normal,8.860623719826371,619.1727353658367
2023-07-15,409.5257447675965,29.219156276856936,Normal,12.64085383554897,186.63993979768256
2023-07-16,635.5734073221436,33.80700361298286,Normal,23.528020313341838,25.68964486940817
2023-07-17,738.2661559715463,33.59950348785612,Normal,21.907985828557788,284.54138567693377
2023-07-18,732.2518545590704,23.734332428431614,Normal,2.564199064589745,443.0337063376194
2023-07-19,667.9253275145743,-4.146119194121561,Normal,9.818268581785405,617.1059444286562
2023-07-20,585.2189876925727,24.121843816806013,Anomalous,13.834279743744297,849.9593305032054
2023-07-21,250.48397899702928,-8.893588759353932,Normal,12.5783118137885,196.24571670616564
2023-07-22,296.9772284567683,-9.004440181195124,Normal,4.846576698422317,125.54978989847709
2023-07-23,739.1325131162475,4.562459861729357,Normal,21.470419279203867,963.4799474743276
2023-07-24,563.857435795754,11.988943568209958,Normal,16.923519574920935,108.04455937640711
2023-07-25,205.5182309699778,24.66833380135069,Anomalous,20.94770937129509,478.49107010718916
2023-07-26,260.88292571961927,20.748291947292735,Normal,21.469106983736804,585.5637287933018
2023-07-27,598.1010614648335,10.065621786953674,Normal,18.708896341643495,541.3744209074382
2023-07-28,203.03695030773122,2.3131999826749645,Normal,10.980265031242933,86.0321570329432
2023-07-29,296.4848308504992,34.870602507097004,Anomalous,15.263668875385614,57.02691400361937
2023-07-30,529.2402736199517,9.178158600618783,Normal,4.009135152993578,105.48342746103567
2023-07-31,615.1371186156159,10.312416094835395,Normal,16.841135436872694,585.5876838726125
2023-08-01,591.1767557015603,-2.636928046374887,Normal,4.4813313934820185,544.3448876343211
2023-08-02,334.5615856763359,25.766429693746822,Anomalous,17.34873976275392,233.74079203674424
2023-08-03,627.3075328085215,21.21570016016699,Normal,5.739954018849216,637.7741418455915
2023-08-04,342.34945249808004,-0.06536742450578181,Normal,2.9387825037554993,820.0675020556494
2023-08-05,395.23981889556063,-6.292852947287079,Normal,4.132112253573935,41.57895984659377
2023-08-06,647.8948430708144,20.62246859336209,Normal,0.0498033804767567,498.12994354804243
2023-08-07,589.7797394283289,19.453004642651084,Normal,17.968490446338254,689.3104121026903
2023-08-08,709.5340462965067,2.2966787149194197,Normal,18.310026226459478,252.31192706968707
2023-08-09,594.567735380206,32.788860301268464,Normal,12.873333747831486,307.7709052931491
2023-08-10,540.985162001283,-3.2023948698594893,Normal,4.034070026384592,613.6379029893839
2023-08-11,256.20486069685546,9.455066046917086,Normal,2.088858437767244,897.9352934437369
2023-08-12,420.6294818356601,32.46271640754195,Normal,0.47822416093217524,809.9244203028993
2023-08-13,359.1214206090353,8.887729261675503,Normal,4.143704424130518,583.1302190995835
2023-08-14,346.3937860274501,18.733667644883848,Normal,22.271388374578667,730.2217177572492
2023-08-15,783.8063328514673,7.891747908325744,Normal,6.038421042542044,364.8224702077987
2023-08-16,435.8586348000563,2.339684105690152,Normal,8.85678318043039,640.9655280987578
2023-08-17,735.227933106268,34.27899415819227,Normal,2.6336371120333295,466.181591127557
2023-08-18,578.6831755983577,8.420030284176935,Normal,5.559032618704257,189.9361364575609
2023-08-19,676.886782124989,30.23446416556105,Normal,12.980614269505129,701.7382738772571
2023-08-20,501.5822558631153,0.3479572650988789,Normal,15.193817077391314,556.4646373488221
2023-08-21,546.1423307758155,-0.4102883188712507,Anomalous,6.133807854155276,358.6215819535914
2023-08-22,495.51061629131834,-8.59896627019699,Normal,1.4433039806279302,911.3391900786307
2023-08-23,317.1457926788267,19.325007141914828,Normal,9.775821728184967,20.934117826733267
2023-08-24,633.4712691569032,6.58368546756925,Normal,5.8550842731583534,315.773151249496
2023-08-25,368.46341746451344,28.896121242783664,Normal,5.488848080745049,56.881397777646555
2023-08-26,214.5895798588723,11.294445801120073,Normal,23.99657006783638,766.5273162216272
2023-08-27,587.2833775443007,33.568704256162476,Normal,15.407512148143102,702.1074541137926
2023-08-28,306.2664076442294,-1.6513517933595487,Normal,13.921961079302397,331.352218736317
2023-08-29,764.2751506117486,29.088042558002485,Normal,10.394377588083048,675.662902207073
2023-08-30,772.3571462015524,24.94685837562838,Normal,10.723608335753607,395.93722619594985
2023-08-31,748.9186341322691,24.69148300898234,Normal,13.522625095952021,756.2537914224343
2023-09-01,422.0952201532666,28.015245265259942,Anomalous,17.41074517590268,454.1836627367061
2023-09-02,209.27396991732047,24.246079592434953,Normal,17.553652404545737,412.2797278316656
2023-09-03,756.9911375526352,18.179914473413692,Normal,4.292347692636239,934.729915488301
2023-09-04,456.9104889903886,-4.093980504292559,Normal,12.502818801915675,250.87909989070022
2023-09-05,779.9928914262017,-8.536321922893663,Normal,10.298952375852549,120.44733999656543
2023-09-06,778.1719862535517,31.43815315170591,Normal,21.763174156734603,584.5431132594582
2023-09-07,711.805673280416,17.749264153433213,Normal,15.78547303045941,969.3218122841789
2023-09-08,376.6693352417514,25.844178093927937,Normal,13.312601660399546,377.83921372718663
2023-09-09,431.05863716115516,11.668505818064752,Anomalous,2.8848660544729343,62.03676362878152
2023-09-10,710.6820029101141,-4.721131496692249,Normal,15.140947233085287,339.30526730956745
2023-09-11,390.1532030937666,-4.36663935088523,Normal,2.9300976420058356,505.93165431955845
2023-09-12,301.6956480116555,20.850437925303712,Normal,8.430164389143801,161.9230066322137
2023-09-13,534.0807574750102,9.36376527047582,Normal,3.5710491203582966,658.102218056492
2023-09-14,761.6928644964686,-0.9763872984848483,Normal,17.301841175609223,997.7493890102006
2023-09-15,617.6178780049838,12.12175460336466,Normal,5.156302845903815,451.73947598144383
2023-09-16,542.0367020536189,-7.110597831618966,Normal,9.79648432970065,354.72855673021263
2023-09-17,258.30589626246115,16.188713086147946,Normal,22.391869440469467,400.70416683446666
2023-09-18,569.0043360195018,2.1047031995793954,Normal,5.107909584974257,115.14617839520113
2023-09-19,794.0323100625579,25.890159528673465,Normal,12.695126598969479,883.2736014262238
2023-09-20,284.05040914191443,3.9662881515608195,Normal,10.48179152915055,414.82565552135196
2023-09-21,510.99779141824206,10.484906708681052,Normal,0.4531010261432433,387.27441142484133
2023-09-22,726.4238431567733,-9.477075704135471,Normal,19.81895283932032,659.6902729304743
2023-09-23,644.4611706525227,-6.739890049244851,Normal,1.7261476578649932,442.03342093112354
2023-09-24,618.2094445971608,7.662210038300817,Normal,11.85637552442384,648.2334688078461
2023-09-25,621.4904503922655,11.597247562270557,Normal,14.016957373473748,61.4462901307875
2023-09-26,415.6946907318531,17.000924665368668,Normal,15.710661415364676,813.7233437222275
2023-09-27,376.15510655869605,3.1248160419186455,Normal,17.215790732696888,940.5039528794026
2023-09-28,685.6166932871081,21.274184875694413,Normal,6.331809588067877,648.7653861593859
2023-09-29,686.0680368075084,28.705507873514208,Normal,0.24946941646123433,954.5659288588107
2023-09-30,720.2433911480622,25.09329450020074,Normal,18.0860915588728,151.4323143699633
2023-10-01,747.9443315338827,-8.217152859323928,Normal,13.391414983689465,477.4161894803537
2023-10-02,506.8054393165627,11.622812626602304,Anomalous,20.902942580181218,601.8067339454473
2023-10-03,500.90977681231976,-5.278141971182131,Normal,20.53470907251736,581.7366474211867
2023-10-04,678.977107380065,0.8920257138137355,Normal,21.08315419469708,401.46177908904326
2023-10-05,589.9783584666591,34.39981669702159,Normal,12.127366499488504,338.0844093662614
2023-10-06,621.180126354622,-3.587700569431905,Normal,8.340709895921641,126.8240225504188
2023-10-07,677.4756016616607,12.449966905311022,Normal,19.78895506478425,391.7424505622782
2023-10-08,734.0032050905397,17.817008044315358,Normal,11.282352825731373,162.66081510548514
2023-10-09,402.7970941109215,21.610923674484678,Normal,4.5860549100858625,734.3656764922184
2023-10-10,425.3497715839664,15.184190756911136,Normal,21.374350489036857,208.83093549458997
2023-10-11,256.3891639045214,-9.560311866136736,Normal,22.063996919308682,58.56530528453385
2023-10-12,546.9680845977043,4.690758870979636,Normal,11.657743903504253,552.3661378172343
2023-10-13,221.56536427804525,13.297023952312014,Normal,1.8924931827446867,595.2297327194016
2023-10-14,479.3588108794761,-6.046007538482499,Anomalous,9.695652247923281,871.9130612805055
2023-10-15,525.5867808245459,5.7782119044131335,Normal,20.088441486565085,576.9816124176818
2023-10-16,371.92475127697065,-8.505860104388505,Normal,22.544350713655717,345.4808537234457
2023-10-17,554.4999563414065,-6.463967628024067,Normal,5.086818562439896,803.0118815263205
2023-10-18,218.30014996342965,7.861547429071823,Normal,1.674340300631788,540.2788931874211
2023-10-19,222.40891324952867,-4.027791068062284,Normal,21.933761328320966,79.28028463119175
2023-10-20,693.5603363957949,15.539338171770115,Normal,9.735123474471882,565.8505603132467
2023-10-21,416.11438484675773,21.025923611176957,Normal,13.544024106689081,908.0185454216623
2023-10-22,276.23630759113087,26.026401459908726,Normal,24.20164530126897,396.31262549822054
2023-10-23,513.3459560328827,-0.9932390089835454,Normal,1.6641181978555712,296.32580189980007
2023-10-24,661.9961318591666,-2.4632837983418607,Normal,16.20795018630239,143.46945701802005
2023-10-25,329.4926164981059,-5.294447184951989,Normal,1.8526355643716768,151.4455219353573
2023-10-26,573.7342854914002,18.639361229463653,Normal,9.38672321166251,432.7714843418189
2023-10-27,251.2084789962608,21.791407691910553,Normal,20.095363629836168,595.6798241615295
2023-10-28,231.0090327011646,-8.578623482846108,Normal,10.83680581889086,80.61540516960176
2023-10-29,518.8127789408888,32.12955108096604,Normal,24.92955884757376,939.5685890251657
2023-10-30,524.3810729660639,-7.661292235683741,Normal,13.976482123665054,755.1336174451959
2023-10-31,582.4579408989239,14.35833508854817,Normal,8.029053815898838,586.6239182836626
2023-11-01,635.6548002335969,21.907723375291237,Anomalous,5.502783147618828,828.4386709389909
2023-11-02,785.5112476775207,29.193610568573853,Normal,8.763013357154046,80.18675681211329
2023-11-03,509.7802089807172,22.133911945959248,Normal,9.31333184398877,476.8388777331244
2023-11-04,393.77388376474755,26.077763738140632,Normal,1.7178419430990244,630.0931268616634
2023-11-05,677.1117168612222,5.275258664426273,Normal,9.23935498566933,828.6529061182893
2023-11-06,362.49935075724454,26.66713011859305,Normal,11.605962993480624,783.4695600492677
2023-11-07,463.3828524233817,-6.394831912689618,Normal,18.068443805970116,277.06924971339964
2023-11-08,247.07382880535957,30.266749522723742,Normal,16.4182371180402,940.8801695592043
2023-11-09,215.2104460492745,14.641656926918131,Normal,17.719141380728857,124.34584143087035
2023-11-10,777.589048806755,26.778399648312217,Normal,0.20909204692142747,875.1336186211521
2023-11-11,701.5880723073235,10.354322803323505,Anomalous,5.441684989513401,970.9402496046185
2023-11-12,617.5845236562188,18.960996283843624,Normal,16.542107209996413,177.15352322262555
2023-11-13,445.3717666485619,13.688119742125096,Normal,12.099734204493679,722.0660642037852
2023-11-14,303.9765920425075,22.921528478989934,Normal,0.13283689170864865,40.28551877799846
2023-11-15,293.8622256026516,-6.326650808623469,Normal,20.11236606079556,405.42282513915495
2023-11-16,350.1457388987572,-7.284156220424629,Normal,19.320239332258435,516.2832991976741
2023-11-17,529.5359988236723,1.1196455304565909,Anomalous,13.710479074839066,580.6452259096341
2023-11-18,628.7575536200375,-2.8204893949065246,Normal,1.661583144406803,935.9372482485595
2023-11-19,596.1184260306388,29.230260496649073,Normal,19.162876238314617,672.2506872941947
2023-11-20,367.96033816756574,-0.13537056888800514,Normal,14.592839693284098,481.277951219237
2023-11-21,772.9191683979165,33.91393651186091,Normal,19.548999428948978,809.6750362658893
2023-11-22,642.7381500174611,5.160310629699808,Anomalous,18.79367480989601,950.532820954409
2023-11-23,532.6124315068405,-1.8046937940085321,Normal,20.07505179894593,22.066148682290844
2023-11-24,567.0324477406114,25.53643282141156,Normal,12.95020166011562,982.5212722560387
2023-11-25,451.76003745667396,19.641849897539426,Normal,3.5081129548378747,86.13213906368034
2023-11-26,348.6385937006945,12.418807240391253,Normal,16.778936834492217,814.3867792687613
2023-11-27,413.583607190757,14.991359792193407,Normal,15.511844626299265,280.33475255141246
2023-11-28,654.7076662786214,22.36408002225187,Normal,18.55632967997718,132.17965775387174
2023-11-29,208.63609317785352,0.28046335990844184,Normal,4.2470251512683825,439.8556397138349
2023-11-30,269.6435843041497,34.83502622255339,Normal,4.874379997507231,643.9565794476135
2023-12-01,227.60158521305164,33.86569229660524,Normal,22.26023793048321,380.951845023475
2023-12-02,224.43728139138207,19.26465588561216,Normal,18.74944496130177,54.565408282698954
2023-12-03,713.2763504066044,-1.020589708188469,Normal,22.705712217508072,599.4611396587167
2023-12-04,622.1947156280141,20.610270909408108,Normal,18.96788302909802,902.4032761106747
2023-12-05,484.5042974523951,-6.751071595937087,Normal,14.928882649757547,383.2153659472517
2023-12-06,258.7004963906009,-8.620637400738726,Normal,16.35331842569684,216.33277763082702
2023-12-07,494.9695250700994,1.595729983004615,Normal,22.228198098500247,442.5773459328154
2023-12-08,484.0830624683394,10.818033053269232,Normal,14.470168862798513,48.362711048780874
2023-12-09,303.9211219460091,29.072262743377124,Normal,15.809783108209686,820.4875844802748
2023-12-10,460.31098954278383,22.72260813948386,Normal,3.9119179000900144,826.3408109501868
2023-12-11,439.102840638424,23.421793453999143,Anomalous,11.848030502902567,588.0004634296284
2023-12-12,569.5100588313298,9.147200050163391,Normal,17.909927798952474,353.10288893838947
2023-12-13,581.0561905205863,5.567074664613331,Normal,6.773567457909135,799.7833644457834
2023-12-14,227.1824058632267,6.696744334307123,Normal,5.056354513113373,554.6870247883671
2023-12-15,424.76756877588275,34.444230368122604,Normal,7.845670205610389,825.9323085500162
2023-12-16,575.5159494285418,-8.195086386438287,Normal,6.037515699820836,631.4587925830206
2023-12-17,501.8817551480526,29.016417325510183,Normal,5.372815925909896,784.4054732127973
2023-12-18,713.8939047129934,16.040393385757703,Anomalous,10.621271071702173,598.56299321776
2023-12-19,595.2161789713671,9.737693863531572,Normal,22.695962847088353,414.1410682156662
2023-12-20,297.7606562488578,22.636594718681145,Normal,12.676491168467956,957.9458599261376
2023-12-21,242.3412484402579,11.900102364111628,Normal,4.698009520383076,541.1138248788448
2023-12-22,585.4515669237894,29.304045713674725,Normal,1.924291734521852,605.0895185405384
2023-12-23,215.9067863249731,30.53158388050663,Anomalous,17.40390362844813,220.48763941474925
2023-12-24,551.465348764078,8.977441709305495,Normal,9.569969110909696,625.6507894272764
2023-12-25,764.1381448549746,2.457250875577321,Normal,20.54577366463398,571.6076494829439
2023-12-26,545.2845067255273,16.6557647867013,Normal,16.487769216019256,184.83839794702496
2023-12-27,432.90195572391315,31.05635055275109,Normal,19.90603626353421,59.58709735314371
2023-12-28,585.9729310654119,-0.5202014947450042,Normal,6.798650985461219,604.3593197147711
2023-12-29,474.95173429490995,18.033496260356724,Normal,17.30897306152645,763.6922693503205
2023-12-30,527.3700735895609,18.420209904163425,Normal,6.601549617342969,523.4013709220083
2023-12-31,764.8788852659151,22.99008600868764,Normal,23.47671198625729,226.7726253196457
2024-01-01,431.66158268046456,-4.079454169273308,Normal,15.90935703833436,666.521976693035
2024-01-02,776.7143382943485,22.212123410693984,Normal,8.112795004383552,80.10572660960224
2024-01-03,743.2103851736382,30.906463429953845,Normal,6.737796557306816,441.8337048019546
2024-01-04,317.4746808735779,-1.9142601008391118,Normal,4.773164626791088,163.3667583984202
2024-01-05,241.61678052509927,0.689449621574493,Normal,17.366023972343196,184.45905105988336
2024-01-06,260.466800826456,33.71277923187378,Normal,5.467890324948183,202.29394915820365
2024-01-07,210.93309539092985,-1.8560371280729608,Normal,14.882581648187227,386.7070570439779
2024-01-08,256.66577645355704,28.447329201631064,Normal,6.615875673133933,51.15020562039763
2024-01-09,609.8040640498141,12.152503540161565,Normal,16.549223619846714,397.7934409290982
2024-01-10,242.71318907613738,1.1253983481429675,Normal,20.37349321351348,511.70744711470087
2024-01-11,391.3853781762568,29.183745557263016,Normal,19.45063107861633,483.2942849663252
2024-01-12,706.9251865816727,10.038736475119947,Normal,19.021283273269542,382.78410040304055
2024-01-13,213.96316144149552,13.166780926836058,Normal,4.693060142306302,839.1466080707524
2024-01-14,688.6810895533615,6.165501622989456,Normal,2.209623674612968,145.32669242050412
2024-01-15,369.1128648640399,16.682788314571734,Normal,17.47372071218464,505.696743781374
2024-01-16,270.89889657299375,-2.6414257336739757,Normal,9.208680344858783,62.04141695655429
2024-01-17,618.0422992184904,7.598669149329233,Normal,10.808655660083682,71.15567887790975
2024-01-18,577.3657080679304,33.62355450508794,Anomalous,0.7787273198347766,573.8658496770963
2024-01-19,726.4832081162318,1.61600447155074,Normal,6.48941123187623,566.018424887821
2024-01-20,641.0426262823314,19.55314990435815,Normal,0.8419100968616006,878.0335128444569
2024-01-21,682.0885582309091,4.63355289011127,Normal,21.97964431503119,557.8736756600732
2024-01-22,369.2207435427839,24.80629065589703,Normal,6.084917080463262,959.7910204048502
2024-01-23,306.4637262678337,-4.110685267674258,Normal,13.933429239325202,48.69484839992977
2024-01-24,650.368850984515,33.64194702853451,Normal,0.9744830165282603,98.00768478074107
2024-01-25,684.1008435603584,10.420529362263768,Normal,16.67118478264145,44.065861570381394
2024-01-26,794.303085200404,0.622270850590878,Normal,8.075683643852347,185.27685033354
2024-01-27,447.5706061468559,-6.692646370149431,Normal,22.447979673941646,541.2701109416781
2024-01-28,423.21085147566987,-2.3608942710606664,Normal,22.202954723350896,645.572181427428
2024-01-29,665.8477764451982,13.389827685020794,Normal,8.132265459043694,45.585157948668794
2024-01-30,404.4821241518107,5.165142939407884,Normal,22.524022392261696,945.9708898455993
2024-01-31,758.4543953621388,27.299751464717424,Normal,24.90394183746947,842.1653766503811
2024-02-01,715.0476511058071,9.389938564781268,Normal,20.6353916030987,296.61248215709315
2024-02-02,457.396416425011,1.192142266443346,Normal,21.121783693880726,77.18753022646796
2024-02-03,650.5226406748984,17.771524397181352,Normal,6.225218402727248,169.88707321905727
2024-02-04,652.7257244508094,21.804974759845063,Normal,14.417559971443907,126.94441375497267
2024-02-05,261.8743213015596,-2.4831141444572564,Normal,1.6813978491841963,123.28377929894685
2024-02-06,741.53174400774,-2.4571352670257056,Normal,2.372948420541743,518.561688665734
2024-02-07,503.1514234687143,-8.349785787990566,Normal,24.972315300832264,245.84744249340028
2024-02-08,695.8744796646449,23.138090677953826,Normal,8.165981235647774,358.13971652914444
2024-02-09,392.02976061836705,19.87120374298123,Normal,18.70459780122116,989.5053333843224
2024-02-10,737.3139370977203,11.358389408741626,Normal,20.16662632567041,684.3142489253447
2024-02-11,433.52100724049785,27.987670203613874,Normal,21.45058177518073,948.9806670470014
2024-02-12,206.50259088817901,26.255156882752395,Normal,24.940707435053913,142.5565550331156
2024-02-13,743.2291858515582,16.34094639785385,Anomalous,6.037412131421696,382.13947483256925
2024-02-14,254.77200607168015,29.072207623096638,Normal,1.0087706714924927,554.7318032823542
2024-02-15,391.58818255424893,-0.7371455483454294,Normal,10.27978794986465,76.75806188873801
2024-02-16,770.0371802304829,-4.963617127102245,Normal,3.2520167457236737,4.187443627957865
2024-02-17,770.3642881625336,2.1387325182645327,Normal,0.5606472290513781,670.4343337969175
2024-02-18,544.0627328739716,-7.431091475980832,Normal,9.010670678537153,641.8195168014354
2024-02-19,579.1023273018795,13.90262876004644,Normal,19.59345627688091,410.7888099996118
2024-02-20,469.06731318699184,32.14725615327327,Anomalous,14.154517280626772,489.6440760320326
2024-02-21,375.9264630188387,-8.229540669917066,Normal,7.819449730258851,415.4430005920896
2024-02-22,397.1987272219496,-4.505053869548794,Normal,16.35855013731799,24.005044844888857
2024-02-23,603.511073646223,10.348956272754588,Normal,5.800454507720268,335.37160621746244
2024-02-24,651.424717662608,32.02437578875572,Normal,0.3595361518021256,177.08225539728983
2024-02-25,674.947426235509,4.2270247239537735,Normal,19.108834660910684,98.42418910136874
2024-02-26,673.7708856767324,12.82556639097766,Normal,15.593577121600227,956.7204338893498
2024-02-27,254.72366182921422,-8.129221342732356,Normal,19.057565612523998,599.3597250421656
2024-02-28,496.6521828215489,-3.3245559567060017,Normal,0.9734504171916403,728.6562842366027
2024-02-29,234.53525600998657,34.39835553314811,Normal,20.927990695766304,315.36374326611747
2024-03-01,529.7173293942413,33.430341339622046,Anomalous,15.488155000907582,393.1471294940152
2024-03-02,464.91830082402623,-9.777700857951567,Normal,14.084883767816002,236.92399389672346
2024-03-03,732.6225096549798,32.83153034404575,Anomalous,15.61535120286329,96.96567096542475
2024-03-04,410.5490075312472,18.760397201697515,Normal,21.6108311717091,179.0316374415838
2024-03-05,270.2402098565635,29.056323253400997,Normal,14.673412663972677,797.5140452964858
2024-03-06,285.7950092317015,10.463293503523659,Normal,14.523759497204484,677.5458051837759
2024-03-07,656.9063790304833,13.20182128606626,Normal,24.766978926644146,546.9288759854769
2024-03-08,570.9308379897566,11.99809611156141,Anomalous,18.9182541767142,475.0898728667681
2024-03-09,260.67360567367416,20.008891589574695,Normal,11.057345136278382,922.4342836561244
2024-03-10,250.46408366899846,-3.7156935359659196,Anomalous,17.684925000823192,72.7349477786684
2024-03-11,620.5814788754719,-8.651188455729493,Normal,9.730761792294713,280.600813237916
2024-03-12,243.65780381851613,3.8568473716035907,Normal,5.721886562087475,349.937853570714
2024-03-13,693.1160355742138,21.7106343231491,Normal,14.921296922193985,782.4258122127878
2024-03-14,623.7453362938977,-0.9165946544673229,Normal,23.204552452848787,992.5146201619714
2024-03-15,248.80926838513986,20.30445949962128,Normal,23.22848800038657,240.67051475715306
2024-03-16,250.90262845111516,33.64604207482717,Normal,8.547631952637257,874.3073341370806
2024-03-17,791.9837471007053,-5.774467789476173,Normal,13.191936655542374,830.6227604317913
2024-03-18,424.56247745367216,20.267095320130682,Normal,5.29089746424653,224.6573976417666
2024-03-19,422.3852882401345,9.968759868705703,Normal,24.890777737472085,399.33258019922255
2024-03-20,687.6797403545015,29.06640144698774,Normal,24.527947696698394,409.6728692925191
2024-03-21,768.3491464303153,-2.0282594748676344,Normal,16.237723242686183,978.2206685265583
2024-03-22,791.6006382937226,21.168167850177404,Normal,20.110351491936836,180.89190137889832
2024-03-23,652.026911155365,27.71518803416496,Normal,17.8775040320925,799.1579711047821
2024-03-24,425.75575131854947,32.50763987633105,Normal,14.828955475986705,334.1927141731099
2024-03-25,250.10043001920127,20.746161273034062,Normal,1.3336999247224424,730.8703457761604
2024-03-26,666.288149556462,12.37286438037923,Normal,11.369108563816527,420.0110042956629
2024-03-27,535.042549841483,17.803125809054624,Anomalous,16.869657554185263,578.3597631165401
2024-03-28,454.5332055481858,29.10072430154232,Normal,16.938290347092117,832.6117733261311
2024-03-29,743.8126310568416,15.677438598747337,Normal,9.32806546055959,804.1655649838841
2024-03-30,266.7184893836908,-8.632582313642342,Normal,23.542299666450763,866.4231835397002
2024-03-31,495.57506257451547,31.892691297814004,Normal,4.183925805919525,59.61732534465902
2024-04-01,206.81218686045145,21.028703796420253,Normal,12.508986155389016,692.0505530397448
2024-04-02,481.1963851964758,20.443102359976095,Normal,17.27209941377057,139.98737672176287
2024-04-03,233.7819654091024,-0.29461814210272763,Normal,17.42839514729523,415.818568018411
2024-04-04,271.29074976084314,19.649846160469576,Normal,16.21597391922039,548.5884150546884
2024-04-05,270.5157480662629,7.723898254437131,Anomalous,6.882205336296504,402.7394847468307
2024-04-06,589.5261812696381,19.305483966867143,Normal,3.905164217165549,519.6116758030075
2024-04-07,647.626927559254,-5.203313636140417,Normal,15.898508170667771,996.5263087986192
2024-04-08,550.0212590582958,19.603038707136623,Normal,14.982552903485944,135.21731371285472
2024-04-09,777.3035290847251,34.973617659679995,Normal,4.483900257231024,675.4560453364255
2024-04-10,424.92234771422244,-7.830458251274979,Normal,17.628478639264085,396.00096638561524
2024-04-11,371.4272517691164,33.97283828995928,Normal,11.37929979334141,133.0097989073288
2024-04-12,721.1594769136761,8.310858232529178,Normal,16.694014790078825,158.73676337430953
2024-04-13,334.1575031116716,29.183905265176662,Normal,20.934176994253768,949.2731062456169
2024-04-14,777.9335236643668,25.207346782622302,Normal,4.243210714423079,879.601496711762
2024-04-15,207.2926848138898,15.51573174440005,Normal,0.47862169992091697,907.0419604150218
2024-04-16,781.9272960245834,23.230214416309693,Anomalous,19.477564659894668,991.5327758273866
2024-04-17,225.89594717034566,29.533200258560655,Anomalous,15.242435628815398,208.31539000851797
2024-04-18,734.6858682188426,8.186314474296484,Normal,17.49098924055304,355.43933736406177
2024-04-19,516.6206654517799,4.716492270345741,Normal,20.953874374716065,669.2190299248667
2024-04-20,795.7788776715802,20.041702350361312,Normal,20.07027337061251,483.80253986064724
2024-04-21,244.27793884123932,26.35306738735664,Normal,24.023003673220618,418.3895333783335
2024-04-22,532.3125706407925,24.30283106494771,Normal,13.398376971302955,357.81124933559306
2024-04-23,781.5815213714594,25.901614198638555,Normal,12.212390816497635,593.7806319434522
2024-04-24,513.8587065020893,9.601249166581987,Normal,10.047179997268252,575.593428640082
2024-04-25,577.6391828811575,26.802539727875974,Normal,3.8422760711051134,161.45783406424007
2024-04-26,617.4492133907703,-4.5905925083226204,Normal,14.31518082205056,471.73983751843906
2024-04-27,472.72463886066396,14.50200940823823,Anomalous,6.92531310814947,553.4717762098498
2024-04-28,576.5348480504381,-9.74086027758453,Normal,23.032687805324386,570.2869387313905
2024-04-29,550.5885871538601,4.606362345512164,Normal,14.57977010692744,210.1071929123518
2024-04-30,740.6948062945934,6.490769069212906,Anomalous,14.821004512702753,742.2713922522868
2024-05-01,227.26782820487472,7.827771122416493,Normal,8.873116521925251,25.199094821069636
2024-05-02,368.57791375533816,21.296024301043797,Normal,1.2997337994426872,354.83185554316265
2024-05-03,770.2468904459353,7.485114557165559,Normal,0.7935941343247155,780.2126485356335
2024-05-04,734.1582703345498,10.19121301801388,Normal,10.583378603829937,563.8929210554023
2024-05-05,473.39405167142775,0.689485889344736,Normal,2.1141344524309464,261.16243251086024
2024-05-06,572.079558680922,6.796330623320305,Normal,15.171173888503478,694.9531193430477
2024-05-07,366.4287097886796,0.2271332268418167,Normal,22.024325140991436,567.3909441560734
2024-05-08,312.8726958342568,-6.706183430420037,Normal,22.072870412968054,796.2436094563872
2024-05-09,478.2190429639893,17.155186702162005,Normal,16.47613525330581,735.0251861898233
2024-05-10,412.0113368156317,20.06957593497573,Normal,5.280795786823275,610.1079220362346
2024-05-11,550.1936671105232,17.877065570432652,Normal,21.574920783971802,488.17767531081404
2024-05-12,246.6407821789909,10.857231971025755,Normal,22.152335882830204,133.18212566752342
2024-05-13,784.6368845996999,7.09036010806534,Anomalous,4.916339623823967,261.33301788538375
2024-05-14,791.7264466877617,28.850014230732135,Normal,18.435652144266932,419.0994729170853
2024-05-15,618.897028411847,13.358680331129811,Normal,7.162988723178073,599.2992870063887
2024-05-16,521.6578198064722,11.563184493337893,Normal,20.06600780882324,513.7078552153048
2024-05-17,385.7165697717967,-8.846107038710393,Normal,24.93094749759007,288.1845259595295
2024-05-18,688.2770118241692,5.356152243177036,Anomalous,0.7506501332348203,6.464357789710551
2024-05-19,610.8387035323276,7.1088028453635665,Normal,22.434146644773296,496.23922190081396
2024-05-20,297.5701636069348,7.947025140360523,Normal,15.565763339966452,285.6259885622431
2024-05-21,746.5563106963054,16.107756615229953,Normal,24.334565479120528,734.6083007105351
2024-05-22,693.5223457539014,14.01211460270953,Normal,11.62523793816069,23.94626527048349
2024-05-23,769.8799479751544,17.355729175705008,Normal,21.184698264284343,584.8278113057909
2024-05-24,635.431705033016,24.419746769395772,Normal,1.5598517149569306,941.4742375060654
2024-05-25,568.0491175614738,26.584358242224205,Normal,8.381976251957393,174.4092671114995
2024-05-26,450.9458217743713,22.315538430192248,Normal,1.6754134437802493,471.64949075059536
2024-05-27,759.637090012408,32.99856631797206,Normal,24.383578336976765,91.42199181713818
2024-05-28,719.638333700245,-9.179533779563727,Normal,20.42434768179592,625.6819122613526
2024-05-29,227.13120206371366,-1.1899906442404262,Normal,21.31368553114926,550.5316805962256
2024-05-30,215.8201846983512,-9.659670625983605,Anomalous,23.449130785847355,407.3655242128323
2024-05-31,425.87802012682977,19.136362136957136,Normal,2.127587152994634,521.3770214737413
2024-06-01,686.3319984690997,30.411374702749413,Normal,9.639939812833335,896.5746584690102
2024-06-02,792.3656775889667,0.9567033459334677,Normal,1.775872226100053,196.29430231106704
2024-06-03,290.2501346621169,31.7165545158338,Normal,5.269827538750715,22.564511705347236
2024-06-04,556.4784292112811,-7.287967436969762,Normal,5.734144425941809,861.664884699101
2024-06-05,428.53451397861295,32.04962120624814,Normal,11.727680276189467,577.1170823879065
2024-06-06,781.9486386887619,5.823020925783549,Normal,6.714054186341064,890.6584554618424
2024-06-07,705.2713538814253,-5.436062719785257,Normal,2.5244526704440275,596.9452234131726
2024-06-08,702.9972228266827,11.864229163384653,Normal,4.187277227352693,810.1610899597025
2024-06-09,481.2158958769822,1.5549455474228573,Normal,3.681889088802273,429.67336335514796
2024-06-10,448.8917014025991,2.819280588286528,Normal,24.326919947807458,749.8599312882687
2024-06-11,364.04424315842374,3.8280484216828956,Anomalous,18.98231267296184,913.041466889856
2024-06-12,233.82529799055627,26.136165402469857,Normal,24.19403663173905,572.1229637222062
2024-06-13,718.833425753032,14.262257450386453,Anomalous,10.993512162697714,180.78515056237953
2024-06-14,687.7406054780465,4.0088464620201645,Normal,6.959212041566415,268.7976150301982
2024-06-15,799.8306039716783,17.465020248991326,Normal,19.957329930229665,198.64457689740578
2024-06-16,797.9821022443432,22.22678034004371,Normal,8.15634795102867,246.85702759573292
2024-06-17,533.2590233615765,2.268080033009019,Normal,7.484584342633707,306.4154493510364
2024-06-18,661.3924491083063,8.609709568640817,Normal,5.81264980519578,555.1337867531885
2024-06-19,766.8594379294568,-4.51512579983736,Normal,3.2419744556058836,587.9916294638327
2024-06-20,709.7884344064469,-1.8482792709393863,Normal,6.411576525419149,426.49974724186114
2024-06-21,348.40886104591857,20.650303428424227,Normal,8.882993711847192,615.4207798208354
2024-06-22,470.3264811860561,-1.8352743536967875,Normal,16.84985520364326,81.57492561136593
2024-06-23,277.495649090897,13.632352265017708,Normal,1.5641210554862894,87.78823705815996
2024-06-24,772.4306163552334,21.90708177750947,Normal,5.262673491633574,171.82946035765843
2024-06-25,563.704780670528,-5.190538460736527,Normal,20.22559100729191,518.0774980403447
2024-06-26,337.1856833020776,15.529049883300658,Normal,3.673048089594269,213.99467869831358
2024-06-27,603.020410643514,1.5453252665613686,Normal,8.566128663063038,283.2844034925773
2024-06-28,570.8769442747375,33.33170938569109,Normal,21.616473046453503,400.3128361729941
2024-06-29,414.8976308197043,11.759554102396613,Normal,3.8731327785860663,811.8661240103798
2024-06-30,268.1345553197774,26.269664739882117,Normal,2.0684208904547474,13.862135912860118
2024-07-01,602.9439173556798,14.760194397031778,Normal,12.11344987700027,649.3788202366225
2024-07-02,512.184620542276,-8.046436021533138,Normal,7.56048778196341,668.8765310406853
2024-07-03,663.3910350413836,18.491811901731005,Normal,14.085209112096353,798.6557803566366
2024-07-04,512.098100667196,32.813150399299566,Normal,20.09512226208688,932.7529390603132
2024-07-05,711.308900191124,17.072531906584903,Normal,3.428712203818579,20.137848949289825
2024-07-06,531.1441032646914,26.86349867420556,Normal,14.517477113857124,153.78370551321618
2024-07-07,536.5627829212317,29.78929085067835,Anomalous,12.637719009746599,886.171294055993
2024-07-08,725.992161595007,0.26358973770196137,Normal,3.6019696503299894,458.5185621870154
2024-07-09,442.08971972743825,-0.4579822041298005,Anomalous,15.59996213822456,564.5906389334635
2024-07-10,280.4091370703844,17.494144498294627,Normal,6.841010446519292,663.0272037231474
2024-07-11,217.2696057880034,8.496281141301711,Normal,12.195857963600313,679.0666044956374
2024-07-12,653.0823534041714,27.79375862900242,Normal,2.056808106926547,931.7404033165082
2024-07-13,572.1857308120789,30.501040552910503,Normal,11.489601430340576,996.9494174116696
2024-07-14,622.4478608595341,5.903962068622315,Normal,7.661586701070508,720.1574609309403
2024-07-15,327.77849690534646,0.6591751538516935,Normal,20.559530279633858,287.22120920515084
2024-07-16,281.82288535206186,25.123648185973785,Normal,1.424468174934207,879.7524022943436
2024-07-17,208.72679940072916,2.366271599666124,Normal,10.465181872958249,49.220914540761605
2024-07-18,410.3525352839582,27.017644333115527,Normal,11.46078560328595,231.0808528744962
2024-07-19,553.9506121127798,9.068221414194326,Normal,18.125151907477967,897.3857174637149
2024-07-20,435.34642705983936,20.03974546811617,Normal,14.357189377255274,256.19151443935493
2024-07-21,462.48495321423746,-5.700910877439932,Normal,16.680308429854527,220.65105962174846
2024-07-22,742.495216696249,18.073669610445787,Normal,19.4262321412939,138.12529314024724
2024-07-23,408.9532802139802,10.32954554317531,Anomalous,21.55507434145472,859.1117576469165
2024-07-24,508.39369349588645,16.397380842896336,Normal,7.846887418061763,500.05825919108673
2024-07-25,670.1918076446859,-2.439360651481146,Anomalous,13.450567634097574,674.8932030541548
2024-07-26,437.9256693927621,23.159318522488192,Normal,21.002701960979998,239.06638407502967
2024-07-27,573.252020136724,28.825868489445284,Normal,24.736278274126413,758.0404210112165
2024-07-28,717.4182252480471,-0.2467089959150961,Normal,22.23798277609408,760.0055449620985
2024-07-29,769.7123741945853,-5.6928450015927226,Normal,9.28668156560942,312.59802490830015
2024-07-30,288.24408855742274,-8.936263627914862,Anomalous,4.8791629304662605,410.68263301028287
2024-07-31,755.9525750968967,18.88871751994697,Normal,12.234813435164718,209.69027743020087
2024-08-01,495.26977584772294,17.319231623995133,Normal,18.541036295901055,976.5610233229042
2024-08-02,354.946632979375,14.601383572133152,Normal,12.31422676883244,645.6025770584116
2024-08-03,475.4814537429568,0.43761932521889335,Normal,12.079521582841712,934.5438807155156
2024-08-04,788.0195451712863,7.5907698157481605,Normal,20.955760527045015,303.38554362913317
2024-08-05,495.57085639572176,16.751435083377785,Normal,9.035094476679658,781.8909129968897
2024-08-06,397.25096617250495,12.354508648662623,Normal,21.49486687029114,765.858643884742
2024-08-07,580.0405125900354,34.45034840966993,Normal,10.170120023793089,691.6556518665416
2024-08-08,344.08737126691585,-3.8602111349470096,Normal,8.205827641958486,965.6389752668005
2024-08-09,245.51799686519834,21.281504932141722,Normal,11.349747779992475,393.55533610631556
2024-08-10,277.32783314638954,8.194344564693147,Normal,19.06117396687171,130.71732358975729
2024-08-11,276.8275033746635,9.268982671652665,Normal,3.150050696599857,671.7088592440608
2024-08-12,291.1416161073766,22.291899454617933,Normal,4.910480396800435,729.3098004772062
2024-08-13,283.2963035896461,21.159626809596634,Normal,23.7861206415773,575.0605734588147
2024-08-14,584.5248468819287,34.60651971659848,Normal,4.387290684533935,206.81789313339627
2024-08-15,309.1280506394869,-4.222256974564365,Normal,14.193182948276364,504.45594166935535
2024-08-16,407.4003699943179,-5.3150657777125145,Normal,14.482861666548446,312.1897365691294
2024-08-17,738.0730459436071,22.595246770793352,Normal,12.24061155125612,427.46652816668905
2024-08-18,484.3769841577234,16.02741126528841,Normal,16.118631214420464,645.2185758446639
2024-08-19,600.5346431126163,2.3372299951912634,Normal,5.745668144940461,745.2147426908346
2024-08-20,303.3919227209779,-6.426128395495603,Normal,13.816556694418706,232.2246909013431
2024-08-21,315.37341128520245,-6.145378768160626,Normal,9.304331381172428,405.32536064695336
2024-08-22,224.52116975988733,30.238589359885324,Normal,16.541681490729726,269.16157099162916
2024-08-23,301.36103784329873,-1.365970387656569,Normal,3.5305885843287363,198.6316138618691
2024-08-24,367.15420341917513,4.551720295198434,Normal,14.271935420986907,783.3872199958383
2024-08-25,306.2062905660481,0.19953810021446117,Normal,4.631758884583093,909.2526944369924
2024-08-26,253.22152025423338,5.974833762437179,Normal,6.96607657787591,370.23218568457673
2024-08-27,272.3815226603605,-6.875927076425798,Normal,5.46774500808958,751.2789243737668
2024-08-28,476.46726081963544,13.357690590872167,Normal,4.570944496720427,896.9952893644111
2024-08-29,323.8002310434755,-6.957434638350329,Normal,20.642773789016676,846.1242105302316
2024-08-30,418.56191662884527,26.016042852006272,Normal,7.142689191522258,182.8133885392259
2024-08-31,502.05036251291415,0.5170436859694867,Normal,23.178094546611234,956.2918815133613
2024-09-01,614.2368971776192,14.300536157202977,Normal,24.24816313362977,376.67644042946245
2024-09-02,223.58728390465936,29.60355894026562,Normal,14.281511748427434,339.2406611738363
2024-09-03,679.6462393454256,19.289481607123736,Normal,3.57502806664316,62.43132727778033
2024-09-04,576.7402336945447,13.983100394810087,Normal,9.363706084489532,486.173654104883
2024-09-05,249.05541916932316,4.595018890191902,Normal,19.94330658370535,109.0136156409287
2024-09-06,724.1471744640663,4.985086087618907,Normal,9.184768217426761,248.53982092742598
2024-09-07,752.523440319088,20.126912983918555,Normal,2.1754304575697185,316.94262176728137
2024-09-08,236.64677591291826,34.73627125495254,Normal,13.919622773204699,808.8263234916841
2024-09-09,366.1265888883222,19.78276354322204,Normal,21.12802128740087,875.4886503958966
2024-09-10,683.7207678758368,15.10025378165112,Normal,19.89815967858756,302.46631746146966
2024-09-11,648.9558142301951,22.879272960766073,Normal,4.3780785032588305,858.6981212445739
2024-09-12,310.7126116138264,10.934252552767315,Normal,16.819115360311667,857.230937369791
2024-09-13,325.6095940020262,-7.293594582964666,Normal,5.512606585891177,764.6509503848736
2024-09-14,422.2832616748292,15.303356714505941,Normal,5.4551883638043055,146.69511401518153
2024-09-15,490.7137911146128,33.093137802742106,Anomalous,21.85179433262963,690.322846900729
2024-09-16,570.9528629181775,-2.1113675939053165,Normal,6.241723818505754,945.0240645805687
2024-09-17,421.3481837418634,21.050220086929958,Anomalous,6.58118366295028,682.5404787671571
2024-09-18,477.5208296798887,-0.9579840103424591,Normal,0.01633476903248887,331.61684910783396
2024-09-19,648.4825628802539,14.112245801288658,Normal,21.76672585313794,500.5793174308313
2024-09-20,222.00992173435873,-5.649559765897617,Normal,19.814870330228366,645.7250433510536
2024-09-21,351.46216660641244,10.266692131618331,Normal,15.68322337726695,510.5704087285036
2024-09-22,628.0097515307315,24.027349800286075,Normal,18.756644098471057,119.95294173096983
2024-09-23,737.1241026123196,5.640718590754194,Normal,3.801214185612295,312.06404465202064
2024-09-24,507.00646526939965,19.921027601924813,Normal,11.458089864689386,802.3960305536325
2024-09-25,519.2680911591895,25.795248235537812,Normal,8.780484683719521,861.4180460955174
2024-09-26,264.30320680386563,31.723001876575367,Normal,2.3444131564254125,137.30003271557024
2024-09-27,468.4474200940728,0.558893683495409,Normal,12.153262130373102,952.3867523987246
2024-09-28,519.5703598730139,7.969216211418868,Anomalous,23.018491258565884,328.82261784860935
2024-09-29,345.4823021808378,-3.141279400131215,Normal,1.001477976267362,662.3137387307199
2024-09-30,361.54593856962856,34.661757597126886,Anomalous,7.286522837344847,751.8251459566811
2024-10-01,426.3704978627736,31.715043556593287,Normal,5.188523405142586,811.9462346378834
2024-10-02,212.04271866663584,14.298070862625181,Normal,5.953666341642408,945.7497022259302
2024-10-03,393.247499349907,27.89149824693896,Normal,22.71086379698438,312.9195480288226
2024-10-04,326.8688041979268,13.443108977241899,Normal,11.701726355857254,858.5064545515545
2024-10-05,396.4984113067488,18.061355960124185,Normal,11.65748532349547,131.68690343620705
2024-10-06,271.8572790915507,-5.989400554779253,Normal,19.014391061382057,705.0409063535927
2024-10-07,734.316368443937,23.987168922356354,Normal,3.862305100123145,741.9777295139859
2024-10-08,556.1554721324292,-4.252893236414433,Anomalous,12.18163385250127,677.7232412013204
2024-10-09,607.4613914866937,27.173043361363774,Normal,10.749630353026493,252.314736135153
2024-10-10,673.502743164403,25.191263945167364,Normal,14.922767263666403,873.0431470152033
2024-10-11,499.06531935743436,21.89351139843394,Normal,24.988942581260964,168.85846337039501
2024-10-12,252.1521728524542,-8.372782876385704,Normal,19.236222352051175,53.63479152083084
2024-10-13,522.2639250911286,3.640776017539787,Normal,9.94664257543568,717.4649906119122
2024-10-14,552.1046708125275,1.840065645987929,Normal,20.688826306851173,475.4757152327337
2024-10-15,647.2636845105981,6.206138336218359,Normal,4.267709082812004,849.0980199586761
2024-10-16,458.9957277378076,-6.056076395627265,Normal,0.7615921577240031,383.39714105825897
2024-10-17,276.5481816773382,32.163102036397824,Normal,5.111209311606826,168.2785885077128
2024-10-18,370.2655434792347,14.921100832056933,Normal,8.510288902856491,836.4421924698697
2024-10-19,417.84937783918105,3.7485939796110603,Normal,12.764518936488997,548.9096316400717
2024-10-20,587.5503447989607,7.864168268342755,Normal,15.378228513529995,189.19579239035488
2024-10-21,542.4669828013471,10.124114322717606,Normal,22.765142930360543,720.3839985864457
2024-10-22,413.65803553870774,17.026745001227777,Normal,12.746350238761442,511.11363848950054
2024-10-23,791.9091492757879,13.205574246342401,Normal,12.531891115643234,604.3129822403198
2024-10-24,563.4648916141323,31.37263879464878,Normal,1.2560752455745532,460.89833820658185
2024-10-25,342.3360750415967,12.363356730762362,Normal,0.8727888164055952,828.7089838180063
2024-10-26,261.06948357224223,34.64711066704907,Normal,13.778999047909302,829.5627156830499
2024-10-27,291.7154835105992,28.314123098529308,Normal,10.954465331208613,709.3888218243862
2024-10-28,347.5746370307049,-0.6170268539198887,Normal,20.979509874507464,105.40137739646227
2024-10-29,296.4088239557334,31.876784658976234,Normal,4.0169896177961295,838.8538619040688
2024-10-30,311.94021443078344,-4.763512095153576,Normal,0.62429155292624,671.0129805329099
2024-10-31,371.0571012163083,26.785236882103618,Normal,11.225969198253146,697.0241660042996
2024-11-01,304.0241571768529,7.128048206446103,Normal,5.936963918806438,362.98284040387165
2024-11-02,738.0592547758552,29.508844420028126,Normal,1.2403593334709362,879.2795561570067
2024-11-03,248.14024739698533,29.062551054835268,Normal,18.114957171190724,725.3716002348575
2024-11-04,514.7068337421529,26.26664300529295,Normal,2.789824998931187,112.59046652919447
2024-11-05,446.2380961937969,25.551369633817764,Normal,15.207987500194292,407.77803440616265
2024-11-06,789.4271701451638,3.7105612594118362,Normal,7.026243754172229,886.3803619601417
2024-11-07,267.2233413008314,-6.358632262693652,Normal,4.33740125887555,47.196701697379
2024-11-08,438.71335942744497,8.134108044432267,Normal,9.493788072982937,961.4166196420495
2024-11-09,781.6822599652213,-2.19139682560711,Normal,20.036144405573843,679.1625683195628
2024-11-10,719.3042755363881,21.272799000610778,Normal,9.802339422614317,631.3759776433766
2024-11-11,690.2432425695679,5.574487694200348,Normal,18.769241230276393,270.5592564879914
2024-11-12,354.7416962269639,33.90245903869617,Normal,3.137157419978767,248.79178873917706
2024-11-13,302.5325524340395,18.843743480539942,Normal,19.319285491626978,942.0582194885955
2024-11-14,601.1859319546586,27.011625363546244,Normal,5.923333122666216,298.27245423412273
2024-11-15,757.6255934765514,-4.036389726616821,Normal,16.93482824722182,775.5052967189994
2024-11-16,534.0577358083578,28.790651702268015,Normal,14.144538871024908,393.12179820707917
2024-11-17,542.9676136819398,31.524073573102747,Normal,23.228617930292184,139.25407078470397
2024-11-18,367.9874561961705,11.917786346852115,Normal,9.683062949382851,10.715297695358949
2024-11-19,661.6957599151622,17.281382198793985,Normal,1.654129720861011,544.2573370152508
2024-11-20,312.22624913451403,24.416441040634794,Normal,0.4788871387813226,975.7788185489327
2024-11-21,394.2075418425462,-2.132261773281435,Normal,20.671464024318826,369.1361938092045
2024-11-22,455.2618631698501,12.61547344085491,Normal,13.118390941535804,357.1923339930448
2024-11-23,504.566227210673,7.939836249754091,Normal,19.38110129587373,344.0916178494421
2024-11-24,345.44583944904815,-3.41317035269879,Normal,5.860640000287868,520.5438373048585
2024-11-25,268.90209484352215,6.539049003118915,Anomalous,8.627093637830843,440.6648834242936
2024-11-26,566.3720254649795,-6.932246077652789,Normal,0.7525968052829735,879.9146267270145
2024-11-27,373.17833194415346,-8.838464187273086,Normal,24.037308114352804,505.5207917234903
2024-11-28,548.7429328535674,-3.9175169880329754,Normal,16.696697667520336,507.75783818856877
2024-11-29,292.6176291645214,33.34018002151282,Normal,23.330127193982655,138.3715947205566
2024-11-30,488.6840611128905,14.728829115275765,Normal,6.637410185726808,982.7395409103859
2024-12-01,519.5536595309516,33.4619972518949,Normal,15.286590280641521,249.97289086882967
2024-12-02,231.09412209345615,9.462404524855938,Anomalous,16.962499207315947,73.36406745960267
2024-12-03,401.96256691635233,4.03172598883668,Normal,7.938742506439711,663.1462489752088
2024-12-04,280.64880616338456,12.776383827810985,Normal,21.202730875390753,595.3663701568727
2024-12-05,238.02498228366065,9.778025988480955,Normal,23.679036572506195,415.14565399274574
2024-12-06,793.9761394339671,-5.245089208221524,Normal,22.12137794240011,422.19223388067803
2024-12-07,393.4123069848338,18.83718416105928,Normal,18.476674398484313,785.0639210464312
2024-12-08,685.9246675127808,-0.27828178706801765,Normal,6.936616993123851,195.71264009964906
2024-12-09,352.78439285825834,17.88145797040233,Normal,7.040401052640793,820.2533189448898
2024-12-10,608.9016333343575,19.259049157916902,Normal,24.08400801115095,648.7471138950182
2024-12-11,656.136715933812,-3.1588816092108356,Normal,0.2571123983923007,418.96977377952436
2024-12-12,557.3832443647066,-7.239266780019933,Normal,17.901249331053613,458.0286165838686
2024-12-13,482.94571313009504,25.13427137307979,Normal,17.656154063881555,256.6472071860958
2024-12-14,447.10454848836116,10.691019069619408,Normal,15.567238523744937,752.1143326969748
2024-12-15,409.3209599257972,-7.3826292022535895,Normal,24.752721152171645,512.8747423052678
2024-12-16,757.7174865486955,34.76898427263952,Normal,7.7969858940931305,320.8545427498436
2024-12-17,698.3716446726376,-7.399874755163501,Normal,8.499296594831204,596.0501157609502
2024-12-18,779.0161463999076,21.276585298634892,Anomalous,1.9734850736638887,995.734452051323
2024-12-19,274.57833409132684,34.265551636853615,Normal,11.069953413593437,435.26227965655386
2024-12-20,638.5204851221865,0.763104689716652,Normal,6.526213155871202,920.6914007786196
2024-12-21,763.0042740926227,-3.5987784090761723,Normal,8.584667554441106,345.0168399245661
2024-12-22,308.7398396993961,-4.5376777259907,Normal,20.86429475639069,54.732706924985884
2024-12-23,239.8977604200665,3.6473816405418003,Normal,23.38711283818739,204.24210636842886
2024-12-24,644.6723895740354,-5.452938504520899,Normal,4.643326800129641,418.6951433276842
2024-12-25,544.6838679079472,21.147260376235934,Normal,9.312723288836647,219.634928594569
2024-12-26,705.0972660549633,-7.196869084147179,Normal,23.21576405288485,0.2270382182555375
2024-12-27,283.8634259757737,12.923995766740536,Normal,1.5452115172305658,915.0015377475272
2024-12-28,677.1603871159341,34.85135842338396,Normal,2.3090132027844628,843.879411230929
2024-12-29,320.9763920286467,26.628662127770845,Normal,4.069774730155734,742.2922314869471
2024-12-30,298.19356571942274,17.68487472039549,Normal,14.880320853171868,167.81459564602864
2024-12-31,298.5594787585958,3.7814129353975243,Normal,3.7618067751499367,120.36357620998605
2025-01-01,688.7448321388292,18.07531263312373,Normal,24.20190953626834,67.60474947238315
2025-01-02,599.11833241772,13.716865876024322,Normal,11.167863181463009,724.0291887729212
2025-01-03,513.8392548614715,9.173752275066718,Anomalous,12.53794900875416,928.8079606878853
2025-01-04,415.29829047410146,-4.118033046691024,Anomalous,6.1664653951351625,430.535820913037
2025-01-05,726.3203244878649,29.897189685821004,Normal,11.774006310868337,119.14067199604817
2025-01-06,435.4670644535812,10.240309196959512,Anomalous,16.547840815925287,512.3928207321065
2025-01-07,689.9596636829463,-1.2419869680655715,Normal,18.77942842385107,348.83190745863016
2025-01-08,463.4809451421311,6.549170789478033,Anomalous,18.846702067747824,374.8249243499977
2025-01-09,426.1666576549445,8.635838863801716,Normal,14.447277817352209,621.3306241557073
2025-01-10,477.6078714017639,27.23920530050934,Normal,22.608994374846432,718.7181132622023
2025-01-11,380.82672449848525,23.012647125263094,Normal,20.435196182652735,110.60359887316085
2025-01-12,648.5656281057506,24.618720213860293,Normal,18.926202867465637,35.590230806476384
2025-01-13,501.6322340554875,-9.503593100710875,Normal,1.3901380420115155,994.3303026857149
2025-01-14,339.3276170880904,8.726929918089269,Normal,0.17194905549123285,232.72834891555183
2025-01-15,739.7447439647411,11.660486823589562,Normal,5.311181929886824,53.830524908459076
2025-01-16,430.33473282392686,-9.136347542962449,Normal,16.588089847836308,189.87532909591997
2025-01-17,526.1317166683932,1.6915943935265396,Normal,10.279937222063646,38.95784634846422
2025-01-18,743.8832665787281,24.213042040496077,Normal,10.060156482482792,391.81089461717164
2025-01-19,574.5427975483952,-3.8300632421950427,Normal,22.114672205740344,802.4017844513243
2025-01-20,270.13882442501847,14.088955915366626,Normal,22.38907120329597,341.2444497577206
2025-01-21,763.8992741680851,-0.31591575922431225,Normal,22.729381601339643,444.18340687836655
2025-01-22,576.6248318428507,-9.454565141024803,Normal,7.846951912875682,675.5867735674387
2025-01-23,400.9433687942517,0.8540655919793672,Normal,17.276395318481544,508.8940700698802
2025-01-24,283.5632435980324,33.91431897095242,Anomalous,6.790829531859241,861.4456860213243
2025-01-25,676.4151135621776,26.069170034734533,Normal,4.7652458268612445,866.0356750457565
2025-01-26,572.0436535571081,33.1809489944465,Normal,4.615811433684231,9.910695491153643
2025-01-27,520.0766551857929,11.95343197668631,Normal,8.55269052158985,778.0463064831991
2025-01-28,736.3355498305746,-5.061871059512343,Normal,10.748940494495542,460.73360024167386
2025-01-29,673.1583267347185,14.658177003816181,Normal,20.77372927637671,988.840541303663
2025-01-30,291.0049278396507,10.446980055198239,Normal,2.9972773368178025,483.23207587543516
2025-01-31,387.03324067732893,27.99606872328272,Normal,18.373146184872354,986.8959453882975
2025-02-01,349.09348388867943,-5.586283864708993,Normal,13.286372854732633,754.5693612057366
2025-02-02,646.3677755436062,11.970851165980019,Normal,7.198633566899812,248.60488461330633
2025-02-03,220.11946084146763,-3.2478100887707084,Normal,12.320489613320614,538.3949792869577
2025-02-04,541.9338109227899,4.610416710052698,Anomalous,7.4985517444255665,992.1356394785828
2025-02-05,657.4752114444143,23.181068482450982,Normal,14.902048880957649,857.5306077519236
2025-02-06,726.0593820570497,11.420815821594495,Normal,10.846098071381105,97.3668937912211
2025-02-07,405.2490492295445,6.91497283155962,Normal,4.110138226971968,706.3719968099961
2025-02-08,692.7543828032077,7.751432535651588,Normal,2.914576863892418,345.57958587081305
2025-02-09,266.37904217312433,10.675104578269398,Normal,13.667392051803255,6.982261880348117
2025-02-10,707.871375040711,25.32574447266756,Normal,22.560325832152586,403.4809690269996
2025-02-11,276.49319739918946,30.14381100231055,Normal,8.598942163942139,234.7544217249713
2025-02-12,438.37237433622033,32.99006089267677,Normal,18.32500268056558,818.8692705204716
2025-02-13,678.3772194677322,25.410652381488276,Normal,16.466533873494175,337.3306088457655
2025-02-14,289.95045640926423,4.193310308660573,Normal,23.288872857737026,827.5236939538171
2025-02-15,337.5508371395849,20.966061773894396,Normal,20.524525432478523,0.5979388347953085
2025-02-16,633.3515410358398,9.692140582492637,Normal,14.165131472636574,307.81915002611913
2025-02-17,632.0219219276446,1.4601779920723033,Normal,16.425762455852684,241.16521430776194
2025-02-18,584.6885797311784,27.839221074166517,Normal,22.459661664600873,233.56736106861098
2025-02-19,616.36906668026,-8.270814296695375,Normal,9.98796961467337,68.1866197654627
2025-02-20,525.6346660085577,30.57928964609406,Normal,8.169867646444434,187.12427041050174
2025-02-21,351.07943534417166,10.766485908113037,Anomalous,0.2702770908799085,555.5495698856199
2025-02-22,407.4175961023517,18.674066456372618,Normal,20.663776854786605,291.3610728377445
2025-02-23,308.9586300808554,19.670926499260222,Normal,20.024517510084124,417.394782329148
2025-02-24,745.070336800177,30.280298331794135,Normal,2.6113629525037845,376.8668803471885
2025-02-25,550.0350768596722,18.65013569752433,Anomalous,14.421434528317507,875.9049249998945
2025-02-26,440.5108500581839,17.62701131420278,Normal,11.599542454172184,905.2989990105154
2025-02-27,477.2034821864796,-7.000658174768952,Anomalous,2.9677273877277868,492.95697165586006
2025-02-28,768.3700037670892,13.328360987534182,Anomalous,24.51420567651809,330.1559503156044
2025-03-01,292.0108418696481,-3.2423949632331253,Normal,5.367397186583886,106.80070400236363
2025-03-02,551.7378992100784,23.18451959246685,Anomalous,1.6808545022640287,953.402879382095
2025-03-03,503.5332073306796,13.04998643657035,Normal,14.87118448754774,60.226944900297454
2025-03-04,566.8725412607887,20.610250064375897,Normal,18.471666928325817,297.65027756828044
2025-03-05,210.86611029250432,-8.124719472892707,Normal,0.8110861511796741,298.06620117000415
2025-03-06,723.2743453664909,-6.184359277938855,Normal,16.467940968175554,320.4012861402149
2025-03-07,759.2709694901674,22.2345524628207,Normal,13.307296898786362,164.28684327240927
2025-03-08,539.0799101535254,-6.756204880059698,Normal,2.5816252218762106,783.1614309236971
2025-03-09,617.9904943261354,-6.7934472505633625,Anomalous,4.313096923659051,122.49786196598922
2025-03-10,753.4996287063774,-9.455118614430065,Normal,14.199357432902012,634.9066591531628
2025-03-11,624.3431805880391,33.0425629234766,Normal,7.40894033783221,123.84602670581745
2025-03-12,291.5234257485568,23.187876175655312,Anomalous,23.4578932162829,70.53563759295656
2025-03-13,545.773016100088,5.896313382592886,Anomalous,20.46850573710127,909.4295036858765
2025-03-14,564.0290278297135,3.3441011579444844,Anomalous,24.589180162841576,190.1287663187057
2025-03-15,454.4784027814316,5.73664533856323,Normal,6.4917709737603495,821.2501545597042
2025-03-16,641.8665413748337,24.85940890315318,Anomalous,24.243090819949426,544.6308711071358
2025-03-17,760.6202088614089,19.76167749816865,Normal,10.780846744788947,77.8565196087696
2025-03-18,755.3411077440658,-1.6661994459639438,Normal,8.687969882843866,955.4481914380675
2025-03-19,470.5036228424793,-2.165079909966204,Normal,1.258738174233831,246.96116699189253
2025-03-20,267.94282750445313,-5.57219576289712,Normal,1.3191314464900654,859.6453453526065
2025-03-21,790.9047193774007,19.713622386560218,Normal,17.300281398666367,168.81000578456417
2025-03-22,703.3388518675605,24.396769799978117,Normal,11.448224860850697,853.9428821418529
2025-03-23,274.7976087219601,1.9270892746251818,Normal,5.6630406509026425,13.228812905293985
2025-03-24,752.5051295704234,-9.057476753608924,Normal,15.349257658130815,511.7804565694807
2025-03-25,721.9378172372769,-6.3022749635607695,Normal,6.321452956252779,769.4425794215568
2025-03-26,511.30283427564325,33.55370156802637,Normal,14.440793858610565,934.7955174927833
2025-03-27,554.7652614469575,3.2950149864839116,Normal,8.980218674567258,909.202136206487
2025-03-28,439.4016223220782,24.615041652716016,Normal,20.588805665295475,819.624869547645
2025-03-29,232.8569832932188,18.10986059844187,Normal,20.517404019169483,888.1913496613041
2025-03-30,401.1183449875406,7.187283784380316,Normal,11.933759953060033,199.2196858370765
2025-03-31,681.7120691588068,-0.7440732012000204,Anomalous,8.77047773337539,284.18429571172874
2025-04-01,202.77921380276172,-4.53761118282671,Normal,9.063994913977364,288.96852492105853
2025-04-02,400.09950301468655,17.675583561748997,Normal,20.142863141705448,377.0539310016988
2025-04-03,438.901216154566,24.858520128700462,Normal,8.2044870699403,393.3206703851887
2025-04-04,522.4373617627537,18.97569140935088,Normal,5.22648434267115,544.5553246546755
2025-04-05,751.9133698476563,13.863595996212123,Normal,2.1172085468826705,159.87976336644138
2025-04-06,407.80759661957677,-8.112194945576368,Normal,11.66732802211021,691.2466637859893
2025-04-07,408.1719211377366,33.58199499174727,Normal,12.053302472996046,167.56653930450648
2025-04-08,642.500748865849,25.942138624455858,Normal,21.02271776007268,310.3084821045475
2025-04-09,471.3307645338843,3.176991651543414,Normal,5.530967411151599,503.34513060615404
2025-04-10,334.76289376398915,34.098664821148276,Normal,9.524781841709999,796.4405615234773
2025-04-11,471.46370967961604,17.084671533634495,Normal,20.210143472342274,739.4692332387273
2025-04-12,284.5142122278799,16.209019619326092,Normal,20.590590268724338,645.5343564105223
2025-04-13,305.832191903734,23.663293074328948,Normal,9.615276899469205,155.77326058017016
2025-04-14,499.02066364368784,26.529640464056193,Normal,11.478100582167022,547.0453456155777
2025-04-15,451.3552697027287,19.54153732991762,Anomalous,7.582147271232073,87.44650179988544
2025-04-16,748.90754064086,-4.235691413520999,Anomalous,23.3138719604828,377.36317679665075
2025-04-17,417.4363394699799,5.222037769752427,Normal,2.966094143539508,413.5165302899592
2025-04-18,548.3530101668262,31.763763814672238,Normal,23.34373557503675,39.81143944575383
2025-04-19,579.3585727517182,0.10770253297333632,Normal,17.09666129588358,273.9880994699718
2025-04-20,207.85667395300018,6.7475160726881,Normal,13.28930381716828,955.6494672664894
2025-04-21,598.1224232100263,9.443459732488819,Normal,0.8164765196123969,953.6326078296895
2025-04-22,306.82158012185084,9.77322453625035,Anomalous,11.889904795550207,352.3270542525393
2025-04-23,776.6421904816731,17.582281212253648,Anomalous,10.193702625068306,43.100108948324056
2025-04-24,289.19763665186775,32.43841269851184,Normal,4.030470299378064,179.09493932818154
2025-04-25,448.77447423621425,0.8311720324627228,Normal,16.410240087516424,392.2177934335401
2025-04-26,251.20980084718633,-4.532438066458687,Normal,24.278772684207144,947.7796979692298
2025-04-27,798.1245511075684,-1.1138279563028206,Normal,14.054720276613129,141.1990635371849
2025-04-28,501.31700619874556,29.911620509417126,Normal,17.868831911098646,763.5158436682123
2025-04-29,557.2310103920263,19.06148656948427,Normal,1.7112613141504196,108.68253937469208
2025-04-30,240.24588643305648,2.865805515762206,Normal,10.441674895424867,981.2575773912769
2025-05-01,649.9762822395066,26.717612253587774,Normal,2.908962129112397,381.61649910913496
2025-05-02,325.94335585735143,28.76164983635462,Normal,15.31989588841276,775.234538899056
2025-05-03,738.8325736644282,28.09314524106251,Anomalous,23.462053955353866,342.5910828111318
2025-05-04,323.0837842892043,31.351694013779948,Normal,16.544443311790964,627.6688771588088
2025-05-05,314.41263239819995,1.350845907801272,Normal,1.9200762078605382,192.01608474003672
2025-05-06,221.92980070885693,23.976886793582523,Normal,8.866655124627071,146.02101929696255
2025-05-07,483.2401670659996,10.7242773773363,Normal,13.766584486021289,938.0641395681313
2025-05-08,538.9046799575699,27.88993488005277,Normal,10.080193903331306,917.6472779044335
2025-05-09,239.42518365701142,22.782080472272597,Normal,20.84110026187931,887.4689402128823
2025-05-10,665.3165700170064,24.94013509248761,Normal,20.36677511774973,625.4334501665935
2025-05-11,471.97330084881656,19.527282695648218,Normal,15.295775502580536,808.2682112162782
2025-05-12,514.634161596548,-2.0157053738631907,Anomalous,9.336448628317632,69.03693691137491
2025-05-13,464.4576481629369,14.526211350362225,Normal,6.3834093440811035,334.78904189067913
2025-05-14,440.4578365251956,34.31013827860287,Normal,2.6468579553282328,313.7031247571562
2025-05-15,535.7841987849307,32.182462992370354,Normal,8.87244208716385,635.6453219526132
2025-05-16,293.1441475584275,-8.057181889134474,Normal,10.329312930192987,355.9577734706405
2025-05-17,309.1568782971627,-2.583333292175329,Normal,16.89557312760184,148.5067816436808
2025-05-18,717.0713726081103,-4.072205194544714,Normal,16.453995607439335,596.4670754135437
2025-05-19,767.6692772801796,22.6690959493383,Normal,1.7527034910314239,814.3839206690815
2025-05-20,423.98558976785176,26.800339843562526,Normal,9.881482885778944,382.1234944599732
2025-05-21,362.4468038861323,-0.39198851601976337,Anomalous,4.544471680434048,132.2687150984817
2025-05-22,586.3997259434095,12.763371182832305,Normal,3.9203176329201423,196.68819731282306
2025-05-23,445.24050265885785,27.831636260504,Normal,20.682553743431146,237.48330516938398
2025-05-24,215.23181339620692,22.976069514481274,Normal,1.0478804179064383,299.89759299453624
2025-05-25,293.6915584197142,14.400674247133171,Normal,10.479571897553033,642.7950705063091
2025-05-26,629.5833373084386,16.56564607064478,Normal,4.205091394162955,600.945484537719
2025-05-27,595.3543651460908,12.876224611232598,Normal,21.98325539196185,696.0798615670392
2025-05-28,216.25759550209008,3.389680309346925,Normal,13.926012831875878,362.5019845315132
2025-05-29,333.18329715976967,15.425989678655725,Normal,5.7845159094212,823.9976518799783
2025-05-30,338.6448779528429,20.99983859225408,Normal,12.56068217915941,204.08766115576026
2025-05-31,603.135646159237,29.299531213736344,Normal,18.287158992577897,469.0407475181539
2025-06-01,211.8263226526185,18.633110929066163,Normal,23.952950222985844,800.9387215414303
2025-06-02,262.4651491907443,24.25046916694211,Normal,5.5111501061354735,180.15864773261924
2025-06-03,679.9496512239136,-2.7967764270442155,Normal,22.154544303233628,109.86311374078295
2025-06-04,307.12679723260015,10.770086348890544,Anomalous,23.357602854187256,883.6839676879897
2025-06-05,591.6476647111249,-9.580077107780802,Normal,22.910513613301656,342.9296627591959
2025-06-06,342.9096686280359,1.1005489034730367,Normal,15.885358921547747,683.870124909032
2025-06-07,259.6648356556071,22.69077718008522,Normal,15.745516360867692,25.34860426393848
2025-06-08,345.90331459967246,34.631447810721355,Normal,10.08026582959557,690.0468884094496
2025-06-09,633.3601591133954,-5.5369855185752845,Normal,18.809947057594698,316.1013115469705
2025-06-10,713.4178808637714,8.06724421375797,Normal,13.282350458773298,55.74085358744174
2025-06-11,698.131918740195,26.00319359146218,Normal,16.935951780707363,609.812761548117
2025-06-12,438.3101177710729,-0.8183964416995515,Normal,10.711447596219886,240.80381607317324
2025-06-13,600.8510819423877,14.978822718602881,Normal,18.287411601078478,386.80724205188
2025-06-14,322.9905772494926,22.988208321335364,Normal,20.611787940113725,80.58081228651359
2025-06-15,375.88863815660795,17.719345261708057,Normal,3.6609064150704027,147.16325109494534
2025-06-16,737.8014911126719,-1.5388869423062737,Normal,20.8232428893557,297.9772354958438
2025-06-17,207.80115410644163,5.992305590858274,Normal,13.507413294757681,89.75950056015714
2025-06-18,251.30511851268085,25.27063030184287,Normal,21.116647727255607,910.8262646863152
2025-06-19,324.7317530876164,14.94019313594075,Normal,10.782542658525365,6.047043183978418
2025-06-20,215.91932232429184,-9.764667390568928,Normal,9.476012134575877,483.86021886431143
2025-06-21,308.86126105387837,24.244584201264225,Normal,22.87651831293056,123.24745813255144
2025-06-22,549.8249365818153,-8.410989027689242,Normal,6.279231688710032,307.67908947794854
2025-06-23,452.85473035549876,23.558020222905448,Normal,21.105308132153578,926.0595598182655
2025-06-24,735.603026646185,-0.8883747925643171,Normal,12.100514312735102,161.69455327398686
2025-06-25,690.4661370430645,33.11330660537211,Anomalous,12.852386063781493,965.8323197183327
2025-06-26,405.0904110187256,6.557333808593803,Normal,7.7117070372371,205.79437698942172
2025-06-27,355.6540600587755,4.711922735213559,Normal,14.326055015475392,741.5661084668296
2025-06-28,427.81544490036015,-3.3000377350399894,Normal,8.130279906905283,546.6772648973117
2025-06-29,554.1769655088847,3.75218969705967,Normal,0.9817353560413078,884.4787275967592
2025-06-30,360.83818449372575,29.449284282269026,Normal,6.799965133608901,553.993255503131
2025-07-01,574.4893447094804,34.83504519322613,Normal,0.15947608516476697,534.5592191563087
2025-07-02,445.64699131474424,6.573928872808175,Anomalous,24.458869676421415,195.4580003683999
2025-07-03,531.2283085111881,10.187478392954414,Normal,24.143680245493687,166.2293620516587
2025-07-04,461.67591748119,22.493192219123166,Normal,9.878882436807626,916.4891511155142
2025-07-05,376.6794557251506,29.878810120928357,Normal,18.20927135849115,327.8381988500341
2025-07-06,769.071984177294,16.686995038405286,Normal,8.645152460260624,372.08225496289595
2025-07-07,658.1634764958565,7.61865641800232,Normal,16.7773289271494,759.8236584283884
2025-07-08,284.06790545987155,8.567982838188069,Normal,20.13575107614948,338.82348242280733
2025-07-09,721.0807855387477,21.302816592356308,Normal,23.66890611730602,952.0624466390027
2025-07-10,492.4587189497082,-9.85517813780746,Normal,10.0053068962418,737.9277689988003
2025-07-11,736.7313361364548,17.881520185692832,Normal,19.582449573901194,597.42924257342
2025-07-12,679.9131535683891,5.997185469861083,Normal,6.64821126580297,880.8951605447525
2025-07-13,455.1281026815401,25.738879907468792,Normal,24.75830759484121,49.60590834948275
2025-07-14,213.48158499207045,-5.815421207959053,Anomalous,0.6442399691087786,257.06269218920875
2025-07-15,361.2064156309676,16.469102012677574,Normal,15.088220162528025,465.03633422090996
2025-07-16,524.9805287965202,11.64378004487557,Anomalous,16.48764954128318,226.97853947152103
2025-07-17,580.0869318956884,18.904648665735234,Normal,17.201138926853222,743.905187302152
2025-07-18,354.7326112599214,-7.081588248266424,Normal,3.0096894697272254,919.2080310537252
2025-07-19,283.6136444436945,16.099270434265907,Normal,23.46324458682826,423.7701199309234
2025-07-20,700.9581420795795,15.266806458178568,Normal,4.52958197625207,342.13260011189493
2025-07-21,790.6413084221313,15.229704248727693,Normal,15.568835080996028,961.5507321375662
2025-07-22,515.4141093816115,17.156944996840465,Normal,5.566901978077124,444.85243282754084
2025-07-23,303.0075715089821,20.4410571751863,Normal,7.680410425531773,489.04840044928324
2025-07-24,363.38439591162137,26.22450498563464,Normal,13.661463543203109,351.6498723419054
2025-07-25,211.03440592848006,2.141932405769646,Normal,10.429835464114412,909.5484730121384
2025-07-26,748.5792839362994,27.12722345810279,Normal,4.005640024412657,568.9554832818508
2025-07-27,270.6506497340847,12.421505701855413,Anomalous,4.273410060521207,762.1745871816447
2025-07-28,545.9098853085521,-6.5323774389550975,Normal,10.453619704069991,811.8067183508864
2025-07-29,364.43313241232363,-7.365208184020936,Normal,18.93207445688752,341.8490419172582
2025-07-30,532.506801509476,5.040724341322736,Normal,22.449116171194714,433.69433132038006
2025-07-31,590.8522330111185,25.32036397001604,Normal,2.103191556484571,848.4717744062647
2025-08-01,697.845082224321,21.84564206334121,Normal,9.827597688985026,363.25535167581023
2025-08-02,323.85276305636194,25.48767341025829,Normal,2.5061390930719156,793.9351334518512
2025-08-03,206.5974971950883,13.277107539872421,Normal,0.4148120158149471,940.9923225744371
2025-08-04,282.1313780412844,9.808954907997077,Normal,16.542967066098914,623.210373068007
2025-08-05,740.0111851088631,-3.3646362982172224,Normal,15.061236049164695,741.6272874518888
2025-08-06,724.3340465375092,4.76867391241902,Normal,4.075477845372156,805.0973120411348
2025-08-07,558.447861302185,9.530871477824387,Anomalous,5.845320827326603,845.0396488966425
2025-08-08,560.310116260192,-6.012980664417224,Normal,0.5926938411129595,395.05333785679596
2025-08-09,599.0220047277533,-0.07246212799549312,Normal,20.873680142360094,51.26345917599817
2025-08-10,305.22276717406976,16.920138232868247,Normal,24.367264901213787,401.8762712367395
2025-08-11,748.6471675549759,23.104840140763542,Normal,3.3864884198672702,673.7562297840898
2025-08-12,451.26231493524386,34.92563801268273,Anomalous,5.786880344132453,450.3503857807928
2025-08-13,429.88311694969843,31.990099910460096,Normal,21.71023809867335,748.9631508603985
2025-08-14,511.35062316970254,18.91543397908362,Normal,23.16159494890462,356.9824294686639
2025-08-15,228.17958006503304,8.95616239823324,Normal,10.490684570170258,634.7441411040295
2025-08-16,299.77002125364766,18.627981411870472,Normal,1.2655618067268533,186.41980485397457
2025-08-17,642.8201698558223,25.354322813610437,Normal,0.984795842320485,749.369436644957
2025-08-18,249.6792007550759,-4.67487140844757,Normal,14.34874665172526,545.6959688130258
2025-08-19,561.8912656798329,8.445720036332972,Normal,9.822377722329476,204.06438854660058
2025-08-20,347.2094658087926,27.791102853602773,Normal,0.7163106894413629,291.9111734978073
2025-08-21,433.5773684251859,7.272482836986981,Anomalous,14.58130980781392,748.6087085818324
2025-08-22,373.21624206241995,15.734252205223395,Normal,0.2825634147255618,482.60123566152066
2025-08-23,413.40362987896947,16.44962123879892,Normal,19.684298953731822,216.03144039307222
2025-08-24,631.4275431105473,-1.6985686089862284,Normal,7.660820567584289,967.2711903702976
2025-08-25,378.27302937390505,6.300594874352978,Normal,1.0064500752308025,715.125019816888
2025-08-26,539.8427841781383,5.053007993386947,Anomalous,14.708805524578834,957.1348325397961
2025-08-27,485.6302413194598,-8.821148116057085,Normal,9.942110360826367,427.10504536034324
2025-08-28,598.2026992175888,-8.911370624889013,Normal,24.345010333928737,475.1003406917205
2025-08-29,762.0978435948548,27.426366965409805,Normal,13.604966562592555,897.9552161850191
2025-08-30,639.5432583261502,2.2881864487765586,Normal,6.880979525925207,525.0493402453847
2025-08-31,328.9642271544541,13.313544480746696,Normal,17.73597161584937,707.2789119056672
2025-09-01,218.7098810367708,3.4426508114947865,Normal,6.787300063567783,252.17287749552997
2025-09-02,357.3584265798951,32.330566030190326,Normal,22.606082285189128,446.72646870264055
2025-09-03,557.0467584201529,1.6683541489598177,Normal,9.36804926268441,123.4498658103551
2025-09-04,230.8554880905502,9.33455657325208,Normal,13.74671406940513,205.98003587696167
2025-09-05,497.8197483207418,29.27286127180708,Normal,1.2643275956057214,0.943415267631087
2025-09-06,558.1057093501336,27.887010505631388,Anomalous,10.65303094880577,39.26505164866023
2025-09-07,400.5463344901765,-1.625436196917521,Normal,20.809088491524875,977.2838231769293
2025-09-08,662.5473222474932,26.118948940806966,Normal,20.141220134083547,242.3536951367623
2025-09-09,263.9589518802631,10.618409903205169,Normal,5.607963971338156,663.3107095040019
2025-09-10,245.08266904148525,11.733599243840985,Normal,5.6519767752640675,839.0996987996116
2025-09-11,636.9132537221619,-3.9934012412825295,Normal,20.43263280533092,550.6604592365643
2025-09-12,497.2947897237191,-6.372931880929391,Anomalous,23.25996050423314,153.1445000839562
2025-09-13,613.0414378566416,22.757268813819437,Normal,2.384023031825089,728.1164373361664
2025-09-14,460.89640316224774,12.34075185598849,Normal,11.251465985655631,600.251410099583
2025-09-15,347.8412199434641,9.65828161768308,Normal,8.436356974105724,731.2505893473751
2025-09-16,691.4613906045198,22.827870289357854,Normal,21.767211386435985,769.7466228570871
2025-09-17,679.6495273813875,24.44808045459994,Normal,2.088122867000469,975.4103676847451
2025-09-18,616.8178825126561,-2.84913245487909,Normal,5.278148563950936,573.56328002671
2025-09-19,363.2870823379776,17.46013172649386,Normal,18.811708439662358,341.6411126906018
2025-09-20,554.1384001214523,-3.9090662975041512,Normal,1.2823462245303896,648.4645569002371
2025-09-21,416.5843381640161,23.81187887130706,Normal,12.313384517857232,68.44070924262613
2025-09-22,254.94924399598048,19.562982032021278,Normal,11.052675866993,897.3973183215863
2025-09-23,750.3881452773456,33.04765794875561,Normal,8.360029474718717,119.38101133819679
2025-09-24,282.09117855137686,-6.896889263961047,Normal,9.864307882973094,327.84283788581826
2025-09-25,770.1424122924815,-7.432537548193556,Normal,13.248514673255823,815.7453806261209
2025-09-26,467.60346377477345,2.6984183611940065,Normal,4.034183959709578,597.3123783307118
